movie_id,title,genres,tags,overview
1,Neon Road: Returns (1997),Comedy,misunderstanding;wedding;awkward;stand-up;twist ending;mind-bending,"A struggling musician tries to protect a awkward, misunderstanding, stand-up during one unforgettable night."
2,Golden Empire: Rising (2018),Action|Adventure,chase;explosion;mercenary;heist;feel-good;retro,"A struggling musician teams up to solve a rival, mission, explosion during one unforgettable night."
3,Fading Garden (2015),Comedy,prank;misunderstanding;stand-up;awkward;ensemble cast;dark humor,"Two childhood friends must uncover a wedding, awkward, prank before everything collapses."
4,Neon Season (2008),Fantasy|Adventure,sorcerer;kingdom;quest;dragon;mind-bending;based on true events,"A brilliant scientist races against time to stop a quest, dragon, prophecy during one unforgettable night."
5,Silent Orbit (2008),Crime|Drama,corruption;trial;evidence;undercover;twist ending;feel-good,"A brilliant scientist sets out to find a corruption, trial, evidence during one unforgettable night."
6,Bright Orbit (2021),Documentary,science;investigation;true story;climate;slow burn;coming of age,"A single parent is forced to confront a science, history, archive during one unforgettable night."
7,Secret Garden (1997),Comedy,roommates;prank;stand-up;awkward;dark humor;high stakes,"Two childhood friends tries to protect a wedding, stand-up, misunderstanding during one unforgettable night."
8,Midnight Heartbeat: Protocol (2016),Crime|Drama,detective;evidence;trial;corruption;feel-good;retro,"Two childhood friends tries to protect a gang, undercover, detective as secrets surface."
9,Modern Promise: Protocol (2001),Crime|Drama,evidence;gang;corruption;undercover;coming of age;twist ending,"A rookie pilot accidentally discovers a gang, detective, evidence while the city watches."
10,Electric Crown (1997),Documentary,history;true story;investigation;climate;dark humor;mind-bending,"A young journalist teams up to solve a investigation, history, archive during one unforgettable night."
11,Broken Riddle (2011),Fantasy|Adventure,dragon;sorcerer;prophecy;kingdom;mind-bending;twist ending,"A young journalist accidentally discovers a artifact, kingdom, quest while the city watches."
12,Silent Puzzle (2025),Fantasy|Adventure,dragon;quest;artifact;kingdom;dark humor;mind-bending,"A reluctant hero tries to protect a artifact, quest, prophecy during one unforgettable night."
13,Electric Season: Reborn (2017),Documentary,true story;history;archive;investigation;mind-bending;slow burn,"A rookie pilot must uncover a archive, true story, investigation as secrets surface."
14,Silent Signal: II (2018),Sci-Fi|Thriller,space station;quantum;time loop;simulation;feel-good;ensemble cast,"A young journalist races against time to stop a android, alien signal, time loop while the city watches."
15,Golden Puzzle: Protocol (2017),Comedy,wedding;stand-up;awkward;prank;twist ending;slow burn,"An ex-detective must uncover a wedding, prank, stand-up during one unforgettable night."
16,Secret Frontier (2019),Comedy,roommates;prank;wedding;awkward;twist ending;ensemble cast,"A struggling musician tries to protect a wedding, roommates, stand-up when the truth becomes dangerous."
17,Bright City (2010),Fantasy|Adventure,artifact;prophecy;sorcerer;kingdom;feel-good;retro,"A young journalist must uncover a prophecy, artifact, quest as secrets surface."
18,Hidden Season: Returns (1998),Documentary,archive;science;investigation;true story;slow burn;dark humor,"A brilliant scientist sets out to find a science, history, climate during one unforgettable night."
19,Last Frontier (2021),Action|Adventure,chase;heist;mission;mercenary;mind-bending;retro,"A rookie pilot accidentally discovers a chase, heist, mission when the truth becomes dangerous."
20,Neon Heartbeat: II (2008),Action|Adventure,mercenary;chase;rival;heist;based on true events;retro,"An ex-detective sets out to find a mission, rival, mercenary during one unforgettable night."
21,Broken Shadow: Files (2010),Animation|Family,friendship;town;journey;talking animals;based on true events;feel-good,"An ex-detective must uncover a town, courage, friendship in a world that won't forgive."
22,Lost Promise: II (2006),Animation|Family,courage;town;talking animals;magic;twist ending;feel-good,"A brilliant scientist tries to protect a town, talking animals, friendship in a world that won't forgive."
23,Midnight City (2000),Fantasy|Adventure,prophecy;dragon;artifact;sorcerer;slow burn;twist ending,"A reluctant hero is forced to confront a quest, prophecy, dragon while the city watches."
24,Cold Garden (2023),Action|Adventure,rival;explosion;mission;mercenary;slow burn;twist ending,"Two childhood friends races against time to stop a rival, mercenary, chase as secrets surface."
25,Silent Forest: Chronicles (2019),Action|Adventure,heist;mercenary;mission;rival;coming of age;mind-bending,"Two childhood friends accidentally discovers a chase, explosion, rival when the truth becomes dangerous."
26,Golden City: Reborn (2014),Fantasy|Adventure,prophecy;artifact;kingdom;quest;coming of age;retro,"A single parent accidentally discovers a prophecy, sorcerer, quest during one unforgettable night."
27,Golden Garden (2007),Sci-Fi|Thriller,quantum;space station;alien signal;android;mind-bending;slow burn,"A single parent races against time to stop a quantum, time loop, alien signal before everything collapses."
28,Crimson Season: Reborn (2020),Horror|Mystery,whispers;missing;shadow;cabin;twist ending;based on true events,"An ex-detective races against time to stop a shadow, missing, curse while the city watches."
29,Wild Heartbeat: Returns (2011),Action|Adventure,mission;rival;heist;chase;high stakes;mind-bending,"An ex-detective accidentally discovers a mercenary, rival, explosion in a world that won't forgive."
30,Midnight Signal: Protocol (2008),Action|Adventure,rival;heist;mercenary;explosion;based on true events;retro,"A struggling musician is forced to confront a heist, mercenary, mission in a world that won't forgive."
31,Fading Season: Returns (2008),Fantasy|Adventure,quest;sorcerer;dragon;prophecy;dark humor;slow burn,"A reluctant hero tries to protect a sorcerer, artifact, prophecy in a world that won't forgive."
32,Electric Shadow: II (2002),Crime|Drama,evidence;trial;detective;gang;dark humor;coming of age,"Two childhood friends sets out to find a undercover, trial, evidence in a world that won't forgive."
33,Silent Orbit: Returns (1997),Comedy,misunderstanding;awkward;wedding;roommates;high stakes;mind-bending,"A struggling musician tries to protect a awkward, roommates, wedding before everything collapses."
34,Secret Puzzle: Protocol (2012),Comedy,roommates;stand-up;wedding;awkward;dark humor;mind-bending,"A reluctant hero teams up to solve a awkward, stand-up, wedding during one unforgettable night."
35,Neon Horizon (2022),Documentary,history;climate;archive;investigation;ensemble cast;high stakes,"Two childhood friends races against time to stop a history, science, climate in a world that won't forgive."
36,Midnight Orbit: Returns (1996),Fantasy|Adventure,sorcerer;dragon;prophecy;artifact;coming of age;high stakes,"A rookie pilot teams up to solve a dragon, artifact, kingdom as secrets surface."
37,Bright Promise (2021),Romance|Drama,secret;choices;reunion;family;ensemble cast;retro,"A struggling musician sets out to find a letters, choices, breakup during one unforgettable night."
38,Last Echo: Protocol (2020),Crime|Drama,corruption;evidence;undercover;trial;dark humor;high stakes,"A young journalist races against time to stop a undercover, evidence, detective when the truth becomes dangerous."
39,Modern Orbit: Files (2003),Comedy,stand-up;wedding;roommates;misunderstanding;feel-good;dark humor,"A brilliant scientist sets out to find a awkward, wedding, prank in a world that won't forgive."
40,Hidden Season: Rising (2014),Action|Adventure,heist;mercenary;explosion;chase;mind-bending;ensemble cast,"An ex-detective teams up to solve a chase, explosion, rival in a world that won't forgive."
41,Fading Frontier: Protocol (2000),Horror|Mystery,shadow;ritual;cabin;whispers;slow burn;high stakes,"A single parent is forced to confront a curse, cabin, missing before everything collapses."
42,Golden Echo (2018),Romance|Drama,secret;reunion;family;breakup;high stakes;twist ending,"A struggling musician tries to protect a choices, breakup, letters in a world that won't forgive."
43,Wild Shadow (2016),Action|Adventure,heist;mission;chase;rival;based on true events;twist ending,"A brilliant scientist accidentally discovers a explosion, rival, chase during one unforgettable night."
44,Ancient Signal: Reborn (2005),Fantasy|Adventure,kingdom;artifact;quest;sorcerer;retro;coming of age,"A single parent teams up to solve a kingdom, quest, dragon while the city watches."
45,Burning Forest: Protocol (1997),Romance|Drama,choices;family;reunion;letters;mind-bending;twist ending,"A brilliant scientist accidentally discovers a secret, choices, family when the truth becomes dangerous."
46,Midnight Horizon: II (2025),Documentary,climate;archive;investigation;history;coming of age;based on true events,"A single parent is forced to confront a climate, investigation, archive before everything collapses."
47,Modern Garden: Chronicles (2008),Action|Adventure,mission;chase;explosion;mercenary;ensemble cast;high stakes,"A struggling musician must uncover a rival, explosion, mission as secrets surface."
48,Hidden Promise: Returns (2022),Comedy,wedding;misunderstanding;prank;roommates;dark humor;coming of age,"A single parent teams up to solve a prank, misunderstanding, stand-up as secrets surface."
49,Lost Horizon: Returns (2016),Horror|Mystery,cabin;missing;ritual;whispers;mind-bending;ensemble cast,"A brilliant scientist tries to protect a whispers, ritual, shadow before everything collapses."
50,Midnight Heartbeat: Chronicles (2019),Horror|Mystery,ritual;shadow;cabin;missing;dark humor;feel-good,"An ex-detective races against time to stop a shadow, ritual, whispers as secrets surface."
51,Midnight Signal (2018),Fantasy|Adventure,kingdom;quest;dragon;prophecy;ensemble cast;high stakes,"A brilliant scientist teams up to solve a sorcerer, artifact, kingdom as secrets surface."
52,Fading Harbor (2001),Horror|Mystery,missing;cabin;ritual;whispers;high stakes;based on true events,"A rookie pilot must uncover a curse, whispers, cabin before everything collapses."
53,Silent Orbit (2006),Fantasy|Adventure,artifact;sorcerer;dragon;quest;retro;based on true events,"A single parent accidentally discovers a quest, prophecy, artifact when the truth becomes dangerous."
54,Ancient Lantern (2009),Sci-Fi|Thriller,time loop;simulation;android;quantum;slow burn;retro,"A struggling musician teams up to solve a space station, android, time loop as secrets surface."
55,Burning Lantern: Files (2010),Horror|Mystery,cabin;ritual;shadow;curse;high stakes;mind-bending,"A young journalist tries to protect a whispers, shadow, curse while the city watches."
56,Cold City: Chronicles (1996),Comedy,prank;misunderstanding;stand-up;roommates;twist ending;ensemble cast,"A reluctant hero is forced to confront a awkward, stand-up, roommates as secrets surface."
57,Electric Season: Returns (2011),Fantasy|Adventure,sorcerer;dragon;quest;kingdom;twist ending;mind-bending,"A rookie pilot sets out to find a quest, kingdom, artifact before everything collapses."
58,Ancient Heartbeat (1999),Horror|Mystery,shadow;ritual;curse;whispers;ensemble cast;twist ending,"A young journalist races against time to stop a curse, missing, whispers as secrets surface."
59,Velvet Riddle: Protocol (2018),Animation|Family,courage;magic;talking animals;town;retro;dark humor,"Two childhood friends teams up to solve a journey, talking animals, magic before everything collapses."
60,Last Horizon (2016),Animation|Family,courage;town;magic;journey;slow burn;mind-bending,"A brilliant scientist is forced to confront a magic, town, friendship before everything collapses."
61,Dark Riddle: Rising (2023),Documentary,investigation;climate;history;true story;slow burn;mind-bending,"A rookie pilot races against time to stop a archive, investigation, science before everything collapses."
62,Wild Shadow: Chronicles (2018),Action|Adventure,rival;chase;explosion;mercenary;based on true events;dark humor,"A single parent must uncover a heist, explosion, rival as secrets surface."
63,Midnight Crown: Files (2006),Documentary,history;science;archive;true story;based on true events;retro,"A struggling musician sets out to find a archive, climate, science when the truth becomes dangerous."
64,Fading Empire: Returns (2024),Action|Adventure,chase;explosion;mission;rival;coming of age;dark humor,"A brilliant scientist teams up to solve a mission, rival, explosion while the city watches."
65,Bright Season: Files (2007),Animation|Family,magic;friendship;talking animals;courage;ensemble cast;retro,"A struggling musician teams up to solve a town, magic, journey as secrets surface."
66,Secret Forest: Files (2005),Action|Adventure,heist;mission;explosion;rival;feel-good;retro,"A reluctant hero accidentally discovers a mercenary, heist, explosion when the truth becomes dangerous."
67,Broken Promise: Files (2023),Horror|Mystery,whispers;missing;curse;ritual;ensemble cast;dark humor,"Two childhood friends accidentally discovers a curse, cabin, shadow during one unforgettable night."
68,Last Lantern (2006),Comedy,stand-up;awkward;wedding;misunderstanding;based on true events;slow burn,"A brilliant scientist tries to protect a awkward, wedding, stand-up during one unforgettable night."
69,Last Frontier (1997),Horror|Mystery,missing;ritual;whispers;cabin;twist ending;retro,"Two childhood friends is forced to confront a ritual, whispers, curse in a world that won't forgive."
70,Modern Orbit: Files (2009),Romance|Drama,choices;breakup;secret;letters;dark humor;feel-good,"A struggling musician sets out to find a reunion, secret, choices during one unforgettable night."
71,Silent Horizon: Reborn (2019),Horror|Mystery,curse;whispers;cabin;missing;retro;coming of age,"A single parent teams up to solve a curse, shadow, ritual while the city watches."
72,Ancient Shadow: Returns (2000),Action|Adventure,mercenary;chase;rival;heist;mind-bending;based on true events,"A single parent is forced to confront a mission, heist, explosion before everything collapses."
73,Broken City (2009),Horror|Mystery,shadow;whispers;curse;cabin;mind-bending;feel-good,"A rookie pilot must uncover a shadow, ritual, cabin when the truth becomes dangerous."
74,Bright Riddle: Chronicles (1999),Fantasy|Adventure,sorcerer;dragon;kingdom;prophecy;twist ending;feel-good,"A brilliant scientist races against time to stop a dragon, artifact, sorcerer as secrets surface."
75,Golden Season: Chronicles (2016),Animation|Family,magic;talking animals;town;courage;retro;coming of age,"An ex-detective races against time to stop a friendship, talking animals, courage in a world that won't forgive."
76,Neon Orbit: Files (2009),Action|Adventure,rival;mercenary;explosion;heist;feel-good;slow burn,"Two childhood friends accidentally discovers a rival, heist, explosion as secrets surface."
77,Last Shadow: Files (2005),Sci-Fi|Thriller,space station;alien signal;quantum;simulation;feel-good;retro,"An ex-detective tries to protect a time loop, quantum, alien signal when the truth becomes dangerous."
78,Neon Puzzle: Rising (2002),Crime|Drama,undercover;trial;corruption;detective;coming of age;dark humor,"A brilliant scientist must uncover a corruption, trial, undercover during one unforgettable night."
79,Lost Signal: Protocol (2012),Horror|Mystery,cabin;shadow;ritual;whispers;high stakes;mind-bending,"A struggling musician must uncover a cabin, ritual, whispers in a world that won't forgive."
80,Silent Memory: II (2015),Comedy,roommates;stand-up;prank;awkward;twist ending;slow burn,"A struggling musician is forced to confront a misunderstanding, awkward, prank as secrets surface."
81,Broken Road: Reborn (2024),Comedy,stand-up;wedding;awkward;prank;twist ending;ensemble cast,"Two childhood friends must uncover a prank, awkward, roommates as secrets surface."
82,Burning Riddle: Chronicles (2008),Sci-Fi|Thriller,quantum;android;alien signal;time loop;retro;high stakes,"A rookie pilot accidentally discovers a alien signal, android, space station as secrets surface."
83,Neon Puzzle: Files (1999),Sci-Fi|Thriller,space station;alien signal;simulation;time loop;high stakes;dark humor,"An ex-detective is forced to confront a time loop, android, simulation when the truth becomes dangerous."
84,Electric Horizon: Chronicles (2020),Crime|Drama,undercover;evidence;trial;gang;coming of age;ensemble cast,"An ex-detective races against time to stop a detective, gang, trial during one unforgettable night."
85,Secret Crown (2014),Animation|Family,courage;magic;friendship;town;twist ending;high stakes,"A single parent is forced to confront a talking animals, courage, journey during one unforgettable night."
86,Cold City: Reborn (2016),Romance|Drama,secret;reunion;choices;family;slow burn;based on true events,"A young journalist accidentally discovers a family, reunion, breakup when the truth becomes dangerous."
87,Modern Shadow: Reborn (1998),Sci-Fi|Thriller,space station;alien signal;simulation;android;based on true events;mind-bending,"A struggling musician tries to protect a quantum, time loop, android during one unforgettable night."
88,Cold Memory: Rising (2004),Fantasy|Adventure,prophecy;dragon;quest;sorcerer;coming of age;slow burn,"A young journalist accidentally discovers a sorcerer, dragon, kingdom during one unforgettable night."
89,Wild Forest: Rising (2018),Crime|Drama,evidence;gang;trial;undercover;retro;ensemble cast,"An ex-detective tries to protect a evidence, detective, gang during one unforgettable night."
90,Fading Harbor: Reborn (2020),Horror|Mystery,ritual;whispers;cabin;shadow;twist ending;based on true events,"Two childhood friends races against time to stop a missing, cabin, whispers when the truth becomes dangerous."
91,Burning Crown: Files (2008),Documentary,climate;true story;investigation;science;high stakes;ensemble cast,"A single parent is forced to confront a history, true story, investigation as secrets surface."
92,Dark Shadow (2019),Comedy,roommates;stand-up;prank;misunderstanding;coming of age;twist ending,"A single parent accidentally discovers a awkward, roommates, prank before everything collapses."
93,Hidden Puzzle: Protocol (2021),Romance|Drama,breakup;secret;choices;letters;slow burn;ensemble cast,"A reluctant hero sets out to find a choices, letters, reunion when the truth becomes dangerous."
94,Silent Frontier: Rising (2007),Crime|Drama,undercover;detective;corruption;gang;high stakes;ensemble cast,"A single parent teams up to solve a undercover, corruption, detective during one unforgettable night."
95,Lost Promise: Protocol (2022),Sci-Fi|Thriller,quantum;space station;alien signal;android;coming of age;feel-good,"A struggling musician sets out to find a quantum, alien signal, android when the truth becomes dangerous."
96,Silent Empire (2003),Fantasy|Adventure,kingdom;prophecy;dragon;sorcerer;feel-good;high stakes,"A struggling musician races against time to stop a dragon, prophecy, quest while the city watches."
97,Silent Harbor: Files (2002),Documentary,science;investigation;archive;climate;twist ending;ensemble cast,"A rookie pilot teams up to solve a science, history, investigation when the truth becomes dangerous."
98,Burning Shadow: Returns (2016),Action|Adventure,heist;rival;mercenary;chase;twist ending;high stakes,"Two childhood friends accidentally discovers a mercenary, explosion, mission before everything collapses."
99,Modern Lantern: Chronicles (2014),Crime|Drama,gang;trial;corruption;undercover;ensemble cast;dark humor,"A rookie pilot accidentally discovers a evidence, detective, undercover when the truth becomes dangerous."
100,Broken Signal: Files (1999),Sci-Fi|Thriller,time loop;quantum;alien signal;space station;dark humor;feel-good,"Two childhood friends teams up to solve a alien signal, time loop, android before everything collapses."
101,Lost Riddle: Returns (2020),Crime|Drama,evidence;corruption;detective;trial;twist ending;dark humor,"A single parent races against time to stop a evidence, gang, detective while the city watches."
102,Secret Shadow: Returns (2001),Romance|Drama,reunion;secret;letters;choices;twist ending;based on true events,"Two childhood friends must uncover a choices, letters, reunion when the truth becomes dangerous."
103,Bright Season: Reborn (2019),Romance|Drama,breakup;reunion;family;choices;mind-bending;coming of age,"An ex-detective teams up to solve a secret, family, reunion during one unforgettable night."
104,Velvet Echo: II (1995),Romance|Drama,choices;reunion;letters;family;retro;feel-good,"A reluctant hero must uncover a breakup, family, choices while the city watches."
105,Wild Harbor: Rising (2019),Romance|Drama,family;reunion;secret;breakup;dark humor;mind-bending,"A rookie pilot must uncover a reunion, letters, secret in a world that won't forgive."
106,Electric Puzzle: II (2019),Animation|Family,journey;courage;town;magic;slow burn;ensemble cast,"A rookie pilot sets out to find a magic, town, courage while the city watches."
107,Lost Memory (2019),Fantasy|Adventure,quest;prophecy;artifact;kingdom;mind-bending;ensemble cast,"An ex-detective is forced to confront a prophecy, dragon, artifact before everything collapses."
108,Lost Road: Protocol (2015),Action|Adventure,mercenary;chase;heist;mission;twist ending;coming of age,"A single parent accidentally discovers a chase, explosion, heist while the city watches."
109,Broken Forest (2009),Horror|Mystery,missing;cabin;whispers;curse;based on true events;mind-bending,"A rookie pilot teams up to solve a whispers, curse, missing as secrets surface."
110,Broken Memory: Rising (2016),Fantasy|Adventure,kingdom;prophecy;artifact;dragon;high stakes;ensemble cast,"A single parent must uncover a prophecy, dragon, kingdom while the city watches."
111,Silent City: Files (2003),Fantasy|Adventure,dragon;artifact;kingdom;sorcerer;coming of age;mind-bending,"A young journalist teams up to solve a quest, prophecy, sorcerer when the truth becomes dangerous."
112,Ancient Crown (2019),Sci-Fi|Thriller,quantum;simulation;android;space station;retro;coming of age,"Two childhood friends must uncover a alien signal, simulation, android when the truth becomes dangerous."
113,Midnight Road: Reborn (2012),Sci-Fi|Thriller,time loop;android;space station;quantum;coming of age;feel-good,"Two childhood friends tries to protect a simulation, android, space station during one unforgettable night."
114,Burning Puzzle (2009),Romance|Drama,breakup;letters;choices;family;based on true events;dark humor,"An ex-detective teams up to solve a breakup, reunion, letters in a world that won't forgive."
115,Secret Memory: Files (2010),Horror|Mystery,cabin;shadow;missing;whispers;coming of age;retro,"A young journalist races against time to stop a ritual, shadow, missing during one unforgettable night."
116,Secret Horizon: Protocol (2012),Animation|Family,friendship;magic;courage;journey;high stakes;feel-good,"A reluctant hero sets out to find a magic, talking animals, town during one unforgettable night."
117,Bright Shadow: Reborn (1996),Sci-Fi|Thriller,alien signal;quantum;time loop;space station;ensemble cast;coming of age,"An ex-detective is forced to confront a space station, simulation, quantum during one unforgettable night."
118,Burning Signal: Reborn (1999),Crime|Drama,gang;trial;detective;undercover;high stakes;ensemble cast,"A brilliant scientist teams up to solve a detective, undercover, corruption before everything collapses."
119,Last Forest (2002),Comedy,stand-up;wedding;prank;roommates;ensemble cast;twist ending,"Two childhood friends is forced to confront a misunderstanding, awkward, roommates in a world that won't forgive."
120,Ancient Forest: Chronicles (1998),Animation|Family,friendship;journey;magic;talking animals;retro;dark humor,"A single parent is forced to confront a talking animals, journey, friendship during one unforgettable night."
121,Neon Garden: Returns (2008),Documentary,true story;archive;science;history;feel-good;ensemble cast,"A struggling musician accidentally discovers a science, climate, archive while the city watches."
122,Silent Frontier: Reborn (2015),Sci-Fi|Thriller,alien signal;time loop;android;quantum;feel-good;mind-bending,"A brilliant scientist is forced to confront a simulation, time loop, space station as secrets surface."
123,Velvet Road: Reborn (2015),Fantasy|Adventure,kingdom;dragon;artifact;quest;ensemble cast;dark humor,"Two childhood friends sets out to find a prophecy, quest, kingdom when the truth becomes dangerous."
124,Cold Crown: Rising (2009),Sci-Fi|Thriller,simulation;alien signal;space station;android;dark humor;feel-good,"A reluctant hero is forced to confront a android, quantum, alien signal during one unforgettable night."
125,Broken Crown: Chronicles (2021),Action|Adventure,mercenary;chase;rival;explosion;based on true events;twist ending,"An ex-detective accidentally discovers a mercenary, chase, mission as secrets surface."
126,Midnight Echo: Chronicles (2012),Horror|Mystery,missing;ritual;whispers;cabin;high stakes;coming of age,"A reluctant hero teams up to solve a missing, whispers, cabin while the city watches."
127,Ancient Signal (1997),Sci-Fi|Thriller,alien signal;android;quantum;space station;dark humor;based on true events,"A young journalist teams up to solve a space station, time loop, quantum when the truth becomes dangerous."
128,Electric Puzzle: II (2018),Crime|Drama,undercover;evidence;gang;trial;mind-bending;coming of age,"A brilliant scientist sets out to find a evidence, detective, trial before everything collapses."
129,Modern Forest: Reborn (2012),Animation|Family,talking animals;journey;magic;friendship;based on true events;ensemble cast,"Two childhood friends sets out to find a talking animals, town, friendship as secrets surface."
130,Golden Forest (2014),Action|Adventure,mercenary;mission;rival;heist;feel-good;ensemble cast,"A brilliant scientist sets out to find a explosion, chase, mission when the truth becomes dangerous."
131,Dark Horizon: Files (2012),Horror|Mystery,ritual;whispers;shadow;cabin;slow burn;based on true events,"A rookie pilot must uncover a curse, missing, whispers before everything collapses."
132,Velvet Lantern: Files (2012),Horror|Mystery,whispers;shadow;curse;ritual;slow burn;retro,"A young journalist races against time to stop a curse, ritual, shadow before everything collapses."
133,Last Heartbeat: Chronicles (1997),Comedy,misunderstanding;prank;awkward;wedding;twist ending;retro,"Two childhood friends accidentally discovers a awkward, wedding, misunderstanding while the city watches."
134,Lost Frontier: Chronicles (2012),Animation|Family,friendship;courage;journey;talking animals;coming of age;ensemble cast,"A reluctant hero tries to protect a town, magic, friendship when the truth becomes dangerous."
135,Dark Horizon (2019),Fantasy|Adventure,quest;dragon;sorcerer;artifact;dark humor;high stakes,"A reluctant hero is forced to confront a dragon, prophecy, artifact when the truth becomes dangerous."
136,Velvet Heartbeat: Returns (2004),Documentary,history;investigation;true story;science;ensemble cast;based on true events,"A young journalist is forced to confront a science, true story, climate while the city watches."
137,Ancient Heartbeat: II (2013),Action|Adventure,chase;rival;heist;mercenary;twist ending;mind-bending,"A rookie pilot tries to protect a rival, mission, explosion when the truth becomes dangerous."
138,Hidden Horizon: Reborn (1995),Crime|Drama,evidence;detective;trial;corruption;mind-bending;dark humor,"A reluctant hero sets out to find a trial, undercover, gang during one unforgettable night."
139,Fading Puzzle: Chronicles (2005),Crime|Drama,evidence;corruption;undercover;detective;mind-bending;based on true events,"Two childhood friends tries to protect a gang, corruption, evidence in a world that won't forgive."
140,Bright Shadow: II (2008),Horror|Mystery,curse;shadow;missing;ritual;twist ending;dark humor,"A brilliant scientist teams up to solve a whispers, curse, shadow as secrets surface."
141,Secret Season: Reborn (2025),Romance|Drama,secret;reunion;choices;breakup;mind-bending;dark humor,"A brilliant scientist must uncover a choices, breakup, reunion while the city watches."
142,Midnight Memory: Returns (2001),Romance|Drama,breakup;family;letters;reunion;mind-bending;slow burn,"An ex-detective accidentally discovers a family, letters, choices during one unforgettable night."
143,Neon Crown: Reborn (2003),Documentary,climate;science;history;investigation;mind-bending;based on true events,"An ex-detective teams up to solve a true story, history, archive as secrets surface."
144,Fading Shadow (2007),Sci-Fi|Thriller,quantum;time loop;android;alien signal;ensemble cast;feel-good,"A struggling musician accidentally discovers a simulation, android, time loop during one unforgettable night."
145,Electric Signal (2025),Horror|Mystery,ritual;missing;curse;whispers;mind-bending;twist ending,"An ex-detective is forced to confront a curse, missing, whispers while the city watches."
146,Fading Harbor: Files (2021),Horror|Mystery,ritual;missing;curse;whispers;dark humor;coming of age,"A reluctant hero must uncover a shadow, whispers, ritual during one unforgettable night."
147,Silent Season (1996),Romance|Drama,secret;letters;choices;family;coming of age;based on true events,"A reluctant hero sets out to find a letters, breakup, reunion while the city watches."
148,Ancient Heartbeat (2002),Horror|Mystery,shadow;ritual;curse;whispers;dark humor;based on true events,"Two childhood friends teams up to solve a cabin, whispers, curse as secrets surface."
149,Neon Shadow: Reborn (2020),Comedy,wedding;misunderstanding;stand-up;prank;mind-bending;high stakes,"A struggling musician tries to protect a roommates, wedding, prank in a world that won't forgive."
150,Modern Promise: Chronicles (1996),Documentary,history;science;archive;true story;coming of age;dark humor,"Two childhood friends must uncover a true story, science, archive when the truth becomes dangerous."
151,Burning City: II (2021),Documentary,history;climate;science;investigation;slow burn;dark humor,"An ex-detective accidentally discovers a true story, climate, archive in a world that won't forgive."
152,Burning Shadow (2003),Crime|Drama,detective;undercover;corruption;gang;twist ending;dark humor,"A brilliant scientist races against time to stop a evidence, trial, detective before everything collapses."
153,Last Promise: Files (2023),Action|Adventure,explosion;rival;mission;chase;twist ending;dark humor,"A brilliant scientist sets out to find a chase, explosion, mercenary as secrets surface."
154,Broken Riddle (2004),Romance|Drama,breakup;reunion;secret;family;dark humor;retro,"A single parent accidentally discovers a choices, letters, breakup as secrets surface."
155,Bright Season: II (2008),Comedy,awkward;wedding;stand-up;misunderstanding;mind-bending;twist ending,"A rookie pilot is forced to confront a prank, roommates, awkward as secrets surface."
156,Neon Lantern (2015),Documentary,archive;history;science;true story;feel-good;dark humor,"A young journalist tries to protect a true story, climate, history during one unforgettable night."
157,Electric Orbit: Rising (1998),Animation|Family,magic;talking animals;town;friendship;dark humor;feel-good,"Two childhood friends tries to protect a journey, town, courage while the city watches."
158,Cold Memory: Files (2012),Action|Adventure,rival;explosion;mission;heist;based on true events;retro,"Two childhood friends teams up to solve a explosion, mission, mercenary during one unforgettable night."
159,Wild Memory: Files (2010),Comedy,misunderstanding;wedding;stand-up;prank;dark humor;feel-good,"A struggling musician is forced to confront a roommates, wedding, awkward during one unforgettable night."
160,Secret Orbit: Returns (2019),Comedy,misunderstanding;roommates;awkward;stand-up;retro;slow burn,"Two childhood friends teams up to solve a wedding, prank, awkward before everything collapses."
161,Silent Echo: Rising (2025),Fantasy|Adventure,prophecy;sorcerer;kingdom;dragon;ensemble cast;mind-bending,"A struggling musician sets out to find a dragon, sorcerer, kingdom as secrets surface."
162,Modern Echo: Protocol (2015),Comedy,prank;stand-up;misunderstanding;wedding;ensemble cast;high stakes,"Two childhood friends races against time to stop a wedding, stand-up, prank while the city watches."
163,Neon Puzzle: Reborn (2007),Comedy,stand-up;roommates;awkward;misunderstanding;dark humor;retro,"Two childhood friends is forced to confront a awkward, misunderstanding, roommates in a world that won't forgive."
164,Electric Forest: II (2007),Animation|Family,talking animals;magic;town;journey;feel-good;coming of age,"A struggling musician sets out to find a journey, magic, talking animals when the truth becomes dangerous."
165,Wild Forest: Chronicles (2007),Documentary,true story;science;history;archive;feel-good;mind-bending,"A reluctant hero accidentally discovers a true story, history, science during one unforgettable night."
166,Silent Forest (2020),Comedy,stand-up;wedding;awkward;misunderstanding;dark humor;high stakes,"A rookie pilot is forced to confront a misunderstanding, stand-up, wedding before everything collapses."
167,Cold Road (2004),Fantasy|Adventure,prophecy;kingdom;quest;dragon;feel-good;mind-bending,"A brilliant scientist accidentally discovers a kingdom, quest, artifact while the city watches."
168,Crimson Lantern: Chronicles (2000),Horror|Mystery,curse;missing;ritual;shadow;mind-bending;based on true events,"Two childhood friends is forced to confront a cabin, shadow, curse in a world that won't forgive."
169,Silent Signal (2005),Crime|Drama,evidence;trial;detective;gang;retro;coming of age,"A single parent sets out to find a undercover, detective, gang when the truth becomes dangerous."
170,Ancient City: Chronicles (1995),Action|Adventure,heist;rival;mercenary;explosion;high stakes;slow burn,"A struggling musician tries to protect a mission, explosion, mercenary during one unforgettable night."
171,Wild Frontier (1998),Comedy,roommates;misunderstanding;stand-up;prank;retro;dark humor,"A reluctant hero races against time to stop a wedding, awkward, prank during one unforgettable night."
172,Fading Season (1997),Sci-Fi|Thriller,space station;alien signal;quantum;time loop;slow burn;based on true events,"Two childhood friends must uncover a quantum, time loop, android before everything collapses."
173,Burning Puzzle: II (2018),Animation|Family,friendship;town;talking animals;courage;twist ending;high stakes,"A single parent sets out to find a courage, town, magic as secrets surface."
174,Midnight Forest: Protocol (2017),Romance|Drama,reunion;secret;choices;letters;twist ending;feel-good,"A single parent is forced to confront a breakup, choices, family while the city watches."
175,Silent Harbor: Protocol (2016),Documentary,history;science;investigation;archive;slow burn;based on true events,"A single parent must uncover a true story, investigation, science before everything collapses."
176,Cold Season (2009),Fantasy|Adventure,prophecy;dragon;quest;sorcerer;ensemble cast;feel-good,"A struggling musician accidentally discovers a prophecy, artifact, sorcerer when the truth becomes dangerous."
177,Silent Harbor: Protocol (2017),Horror|Mystery,ritual;curse;whispers;missing;twist ending;feel-good,"A single parent is forced to confront a cabin, shadow, missing in a world that won't forgive."
178,Electric Road: Protocol (1999),Animation|Family,courage;town;journey;magic;coming of age;mind-bending,"A single parent races against time to stop a magic, talking animals, courage while the city watches."
179,Velvet Frontier (2022),Crime|Drama,corruption;undercover;evidence;trial;coming of age;twist ending,"Two childhood friends is forced to confront a evidence, undercover, trial during one unforgettable night."
180,Ancient Echo: Rising (2010),Fantasy|Adventure,artifact;dragon;kingdom;prophecy;ensemble cast;feel-good,"A reluctant hero teams up to solve a kingdom, artifact, prophecy when the truth becomes dangerous."
181,Electric Orbit: Returns (2024),Romance|Drama,family;secret;choices;reunion;slow burn;coming of age,"A single parent races against time to stop a breakup, secret, family in a world that won't forgive."
182,Bright Lantern (1999),Sci-Fi|Thriller,alien signal;quantum;space station;time loop;twist ending;slow burn,"A struggling musician teams up to solve a space station, time loop, android during one unforgettable night."
183,Neon Garden: II (2010),Fantasy|Adventure,dragon;kingdom;artifact;quest;based on true events;retro,"A struggling musician sets out to find a artifact, sorcerer, prophecy while the city watches."
184,Silent City (2016),Animation|Family,talking animals;magic;friendship;journey;ensemble cast;coming of age,"A brilliant scientist is forced to confront a journey, town, magic in a world that won't forgive."
185,Silent Shadow (2010),Sci-Fi|Thriller,simulation;time loop;alien signal;space station;feel-good;coming of age,"A young journalist races against time to stop a simulation, android, time loop while the city watches."
186,Bright Crown: Files (2008),Comedy,awkward;misunderstanding;roommates;wedding;high stakes;retro,"A single parent teams up to solve a roommates, wedding, misunderstanding as secrets surface."
187,Secret Road: II (2000),Comedy,misunderstanding;roommates;prank;stand-up;mind-bending;ensemble cast,"A brilliant scientist races against time to stop a awkward, misunderstanding, stand-up during one unforgettable night."
188,Neon Garden: Files (2006),Fantasy|Adventure,dragon;sorcerer;artifact;quest;feel-good;based on true events,"Two childhood friends accidentally discovers a quest, artifact, kingdom in a world that won't forgive."
189,Modern Heartbeat (2002),Romance|Drama,reunion;letters;secret;family;high stakes;feel-good,"Two childhood friends must uncover a reunion, breakup, letters as secrets surface."
190,Ancient Season: Protocol (2004),Romance|Drama,secret;reunion;letters;breakup;coming of age;ensemble cast,"A rookie pilot teams up to solve a choices, letters, family when the truth becomes dangerous."
191,Modern Signal: Reborn (2016),Action|Adventure,explosion;rival;mission;mercenary;ensemble cast;high stakes,"A rookie pilot tries to protect a explosion, mission, rival as secrets surface."
192,Wild Promise: Rising (2014),Action|Adventure,chase;explosion;mission;mercenary;dark humor;twist ending,"A struggling musician is forced to confront a mercenary, chase, rival before everything collapses."
193,Ancient City: Returns (2013),Fantasy|Adventure,artifact;kingdom;prophecy;sorcerer;slow burn;ensemble cast,"Two childhood friends accidentally discovers a sorcerer, artifact, prophecy before everything collapses."
194,Midnight Riddle (2006),Documentary,science;history;climate;true story;high stakes;feel-good,"An ex-detective races against time to stop a archive, history, investigation as secrets surface."
195,Crimson Echo (2024),Animation|Family,talking animals;town;courage;magic;twist ending;feel-good,"A brilliant scientist accidentally discovers a journey, talking animals, town when the truth becomes dangerous."
196,Cold Signal: Returns (1997),Romance|Drama,choices;secret;family;breakup;high stakes;based on true events,"A reluctant hero tries to protect a choices, reunion, letters as secrets surface."
197,Cold Season: Files (2005),Sci-Fi|Thriller,quantum;simulation;space station;alien signal;slow burn;twist ending,"An ex-detective sets out to find a simulation, space station, alien signal when the truth becomes dangerous."
198,Burning Riddle (1998),Fantasy|Adventure,dragon;sorcerer;quest;artifact;high stakes;feel-good,"A single parent tries to protect a prophecy, artifact, dragon in a world that won't forgive."
199,Ancient Puzzle: Reborn (2005),Action|Adventure,chase;explosion;mission;heist;retro;mind-bending,"A young journalist must uncover a explosion, heist, mission during one unforgettable night."
200,Broken Shadow (2024),Horror|Mystery,whispers;ritual;cabin;missing;based on true events;mind-bending,"An ex-detective teams up to solve a shadow, cabin, whispers while the city watches."
201,Cold Promise (2006),Action|Adventure,mission;explosion;heist;rival;coming of age;twist ending,"A struggling musician sets out to find a chase, mission, rival before everything collapses."
202,Cold Forest: Files (2023),Sci-Fi|Thriller,space station;simulation;alien signal;android;retro;feel-good,"A struggling musician sets out to find a simulation, android, alien signal before everything collapses."
203,Broken Promise: Chronicles (2010),Action|Adventure,explosion;mission;rival;heist;twist ending;high stakes,"A reluctant hero sets out to find a rival, chase, mission while the city watches."
204,Broken City: Rising (2016),Crime|Drama,evidence;detective;trial;corruption;high stakes;based on true events,"Two childhood friends sets out to find a trial, evidence, corruption while the city watches."
205,Hidden Shadow: II (2009),Fantasy|Adventure,artifact;sorcerer;kingdom;quest;ensemble cast;twist ending,"A struggling musician teams up to solve a dragon, kingdom, prophecy in a world that won't forgive."
206,Dark Road: Reborn (2003),Animation|Family,magic;friendship;town;talking animals;twist ending;slow burn,"A reluctant hero sets out to find a magic, talking animals, journey when the truth becomes dangerous."
207,Midnight Echo (2018),Action|Adventure,explosion;rival;heist;mercenary;dark humor;high stakes,"A single parent accidentally discovers a rival, mission, explosion while the city watches."
208,Modern Forest: Returns (2025),Sci-Fi|Thriller,quantum;alien signal;android;time loop;retro;mind-bending,"A brilliant scientist must uncover a time loop, simulation, space station when the truth becomes dangerous."
209,Last Orbit (2003),Crime|Drama,evidence;trial;detective;undercover;feel-good;slow burn,"An ex-detective sets out to find a gang, detective, corruption when the truth becomes dangerous."
210,Wild Puzzle: Reborn (2019),Fantasy|Adventure,kingdom;dragon;artifact;prophecy;dark humor;twist ending,"A brilliant scientist tries to protect a prophecy, dragon, kingdom while the city watches."
211,Midnight Heartbeat (2003),Documentary,investigation;archive;science;true story;high stakes;twist ending,"A rookie pilot accidentally discovers a true story, climate, archive while the city watches."
212,Golden Empire (2017),Action|Adventure,chase;rival;heist;mercenary;retro;mind-bending,"A young journalist tries to protect a explosion, mercenary, rival before everything collapses."
213,Fading Orbit: Protocol (2019),Animation|Family,town;friendship;journey;courage;dark humor;slow burn,"A brilliant scientist races against time to stop a town, talking animals, friendship before everything collapses."
214,Secret Promise: Files (2008),Horror|Mystery,shadow;ritual;whispers;curse;based on true events;mind-bending,"A brilliant scientist is forced to confront a missing, curse, cabin before everything collapses."
215,Burning Riddle: Rising (2017),Documentary,climate;true story;archive;investigation;coming of age;slow burn,"A struggling musician teams up to solve a archive, science, true story when the truth becomes dangerous."
216,Fading Road: Protocol (2003),Horror|Mystery,cabin;ritual;shadow;whispers;slow burn;mind-bending,"An ex-detective tries to protect a ritual, curse, missing when the truth becomes dangerous."
217,Dark Crown: Reborn (1997),Documentary,true story;history;science;archive;feel-good;mind-bending,"An ex-detective accidentally discovers a history, archive, climate before everything collapses."
218,Electric Garden: Reborn (1997),Crime|Drama,trial;evidence;detective;undercover;twist ending;feel-good,"Two childhood friends is forced to confront a corruption, trial, detective in a world that won't forgive."
219,Burning Horizon: Reborn (2008),Crime|Drama,undercover;corruption;detective;evidence;feel-good;based on true events,"An ex-detective accidentally discovers a trial, undercover, corruption while the city watches."
220,Modern Signal: II (2022),Animation|Family,town;friendship;talking animals;journey;feel-good;slow burn,"A reluctant hero must uncover a journey, talking animals, magic during one unforgettable night."
221,Secret Horizon: Chronicles (1998),Fantasy|Adventure,kingdom;sorcerer;prophecy;quest;mind-bending;retro,"A struggling musician must uncover a kingdom, prophecy, sorcerer in a world that won't forgive."
222,Lost Promise: Rising (2009),Horror|Mystery,cabin;shadow;whispers;curse;ensemble cast;slow burn,"An ex-detective must uncover a ritual, curse, whispers before everything collapses."
223,Wild Heartbeat: Protocol (2016),Crime|Drama,corruption;trial;gang;undercover;based on true events;ensemble cast,"A rookie pilot must uncover a evidence, undercover, trial in a world that won't forgive."
224,Broken Signal: Rising (2001),Comedy,awkward;prank;wedding;stand-up;retro;mind-bending,"A brilliant scientist sets out to find a misunderstanding, wedding, awkward in a world that won't forgive."
225,Dark Orbit: Chronicles (2017),Action|Adventure,mercenary;mission;rival;chase;based on true events;feel-good,"A single parent races against time to stop a mercenary, explosion, mission during one unforgettable night."
226,Hidden Frontier: Rising (2004),Comedy,misunderstanding;roommates;stand-up;awkward;mind-bending;high stakes,"A young journalist races against time to stop a awkward, wedding, prank while the city watches."
227,Midnight Memory (2020),Comedy,stand-up;prank;awkward;misunderstanding;coming of age;feel-good,"A single parent is forced to confront a roommates, stand-up, prank as secrets surface."
228,Ancient Echo: Files (2012),Fantasy|Adventure,prophecy;quest;sorcerer;kingdom;dark humor;ensemble cast,"A brilliant scientist tries to protect a kingdom, sorcerer, quest in a world that won't forgive."
229,Hidden Frontier: Rising (2011),Comedy,awkward;roommates;misunderstanding;stand-up;dark humor;coming of age,"A reluctant hero is forced to confront a roommates, prank, awkward during one unforgettable night."
230,Silent Riddle: Protocol (2000),Sci-Fi|Thriller,simulation;quantum;space station;android;dark humor;coming of age,"Two childhood friends is forced to confront a time loop, simulation, quantum while the city watches."
231,Golden Heartbeat (2009),Crime|Drama,evidence;detective;undercover;corruption;slow burn;feel-good,"A brilliant scientist teams up to solve a corruption, trial, gang during one unforgettable night."
232,Modern Frontier: Rising (2021),Comedy,prank;stand-up;roommates;misunderstanding;twist ending;coming of age,"An ex-detective sets out to find a prank, awkward, roommates as secrets surface."
233,Burning Road: Returns (1995),Comedy,stand-up;awkward;misunderstanding;roommates;ensemble cast;retro,"A struggling musician teams up to solve a prank, stand-up, awkward before everything collapses."
234,Wild Crown: Files (2018),Crime|Drama,trial;undercover;detective;gang;based on true events;slow burn,"Two childhood friends accidentally discovers a detective, undercover, trial in a world that won't forgive."
235,Fading Garden (2010),Sci-Fi|Thriller,space station;alien signal;quantum;simulation;slow burn;retro,"Two childhood friends tries to protect a time loop, android, alien signal in a world that won't forgive."
236,Wild Lantern: Protocol (2017),Romance|Drama,choices;family;reunion;secret;based on true events;high stakes,"A young journalist must uncover a letters, choices, secret while the city watches."
237,Golden City (2015),Crime|Drama,detective;corruption;undercover;evidence;twist ending;slow burn,"A rookie pilot tries to protect a corruption, detective, undercover before everything collapses."
238,Crimson Harbor: Returns (2008),Sci-Fi|Thriller,quantum;space station;android;alien signal;dark humor;retro,"A rookie pilot races against time to stop a space station, quantum, alien signal before everything collapses."
239,Wild Riddle: Protocol (2004),Animation|Family,talking animals;journey;courage;magic;slow burn;feel-good,"A reluctant hero sets out to find a talking animals, magic, town before everything collapses."
240,Neon Promise: Reborn (2014),Fantasy|Adventure,artifact;quest;sorcerer;dragon;ensemble cast;mind-bending,"A single parent races against time to stop a prophecy, quest, kingdom when the truth becomes dangerous."
241,Velvet Shadow (1999),Crime|Drama,detective;undercover;trial;evidence;mind-bending;high stakes,"A young journalist accidentally discovers a gang, evidence, trial when the truth becomes dangerous."
242,Broken Signal: Protocol (2013),Sci-Fi|Thriller,space station;android;alien signal;time loop;dark humor;retro,"A single parent tries to protect a time loop, alien signal, space station during one unforgettable night."
243,Bright Frontier: Returns (1997),Fantasy|Adventure,kingdom;artifact;prophecy;sorcerer;high stakes;twist ending,"A rookie pilot races against time to stop a sorcerer, quest, artifact before everything collapses."
244,Neon Heartbeat (2015),Horror|Mystery,cabin;ritual;shadow;missing;feel-good;retro,"Two childhood friends sets out to find a curse, whispers, missing while the city watches."
245,Last Season: Reborn (2014),Comedy,prank;stand-up;misunderstanding;roommates;ensemble cast;twist ending,"A young journalist teams up to solve a prank, stand-up, awkward in a world that won't forgive."
246,Golden Forest: Returns (1997),Documentary,archive;climate;science;history;ensemble cast;dark humor,"Two childhood friends is forced to confront a climate, history, true story during one unforgettable night."
247,Lost Signal: Chronicles (2018),Romance|Drama,family;choices;breakup;secret;mind-bending;high stakes,"An ex-detective is forced to confront a family, secret, letters during one unforgettable night."
248,Last Orbit (2007),Documentary,climate;history;science;investigation;twist ending;slow burn,"A young journalist is forced to confront a archive, investigation, history during one unforgettable night."
249,Golden Riddle: Files (2019),Documentary,investigation;archive;science;climate;twist ending;based on true events,"A reluctant hero races against time to stop a history, science, investigation in a world that won't forgive."
250,Hidden Season (1996),Romance|Drama,reunion;secret;breakup;choices;slow burn;ensemble cast,"A struggling musician races against time to stop a choices, letters, family as secrets surface."
