order_id,customer_id,items_count,total,status,created_at
A-1002,C007,6,57.72,shipped,2025-09-20
A-1058,C002,3,206.1,cancelled,2025-09-20
A-1027,C004,3,232.98,pending,2025-09-20
A-1051,C009,6,29.68,paid,2025-09-21
A-1040,C004,1,184.77,pending,2025-09-21
A-1055,C006,5,139.03,paid,2025-09-22
A-1005,C010,3,101.18,shipped,2025-09-22
A-1007,C006,6,80.36,paid,2025-09-22
A-1049,C004,5,54.6,pending,2025-09-22
A-1009,C008,1,65.87,paid,2025-09-22
A-1038,C008,3,168.16,paid,2025-09-22
A-1033,C009,3,63.93,pending,2025-09-22
A-1030,C004,5,136.64,paid,2025-09-23
A-1023,C005,6,10.78,shipped,2025-09-23
A-1018,C003,1,128.44,shipped,2025-09-23
A-1060,C004,2,77.62,shipped,2025-09-23
A-1016,C005,6,43.51,paid,2025-09-23
A-1003,C003,1,151.42,shipped,2025-09-25
A-1035,C004,3,227.3,pending,2025-09-25
A-1034,C001,1,62.85,shipped,2025-09-25
A-1013,C001,1,87.83,pending,2025-09-25
A-1036,C010,5,126.5,pending,2025-09-26
A-1053,C006,6,41.41,paid,2025-09-26
A-1006,C007,4,20.43,paid,2025-09-26
A-1052,C004,6,72.58,shipped,2025-09-27
A-1020,C009,5,249.07,paid,2025-09-28
A-1050,C010,5,235.98,pending,2025-09-28
A-1032,C008,4,165.97,shipped,2025-09-28
A-1045,C009,4,232.36,paid,2025-09-28
A-1001,C010,2,17.15,pending,2025-09-29
A-1044,C001,1,217.52,pending,2025-09-30
A-1012,C009,4,68.75,paid,2025-10-01
A-1026,C008,1,231.38,paid,2025-10-01
A-1024,C005,1,52.88,shipped,2025-10-01
A-1041,C004,2,43.64,paid,2025-10-01
A-1008,C005,1,179.1,paid,2025-10-02
A-1037,C004,4,68.32,shipped,2025-10-02
A-1047,C001,6,140.13,paid,2025-10-02
A-1048,C009,5,130.68,pending,2025-10-02
A-1019,C007,4,200.1,paid,2025-10-03
A-1010,C005,3,97.56,paid,2025-10-03
A-1046,C001,2,126.8,paid,2025-10-04
A-1004,C006,2,91.66,pending,2025-10-05
A-1011,C003,1,174.05,paid,2025-10-05
A-1029,C009,2,193.8,paid,2025-10-06
A-1022,C007,3,194.46,pending,2025-10-06
A-1017,C004,5,112.82,paid,2025-10-06
A-1014,C010,1,106.28,pending,2025-10-07
A-1039,C002,6,23.0,cancelled,2025-10-08
A-1025,C003,2,131.84,pending,2025-10-08
A-1021,C009,1,173.27,paid,2025-10-08
A-1057,C009,5,178.85,cancelled,2025-10-08
A-1043,C008,2,242.56,pending,2025-10-08
A-1042,C009,5,28.09,pending,2025-10-09
A-1028,C002,1,237.27,shipped,2025-10-09
A-1056,C008,3,221.02,paid,2025-10-09
A-1015,C008,6,85.52,paid,2025-10-09
A-1031,C005,6,191.26,pending,2025-10-10
A-1059,C009,1,42.23,shipped,2025-10-10
A-1054,C010,1,234.58,paid,2025-10-10
