,cli,Target,saldo,origen,abono,traspaso
0,003b1f43-3079-4987-9dab-29e6b2dfa0dc,1,850256,3,187,503
1,00e92c01-c812-446d-a7aa-380703aec337,0,571839,0,9023,5099
2,010a0a9b-868c-4d16-8475-205108232ee4,0,844502,7,8614,2396
3,012bbd1d-e848-46bd-b9c2-a0e8593f11b5,0,426382,4,988,5955
4,013f7c29-22f7-48cb-b277-07553b4810ca,0,93375,4,7804,5417
5,0195c530-9827-4e9d-baa9-f1abdb792be9,1,700879,8,726,112
6,01ff4206-9bc0-4691-913d-6f0fada3d037,0,794258,7,8875,4105
7,0204e360-a5a5-4297-8c8f-06722bd413f4,0,344486,7,4304,6378
8,021e4732-b710-4bed-8824-84d4679a3967,0,534722,8,405,3917
9,0284e861-7988-46a4-966a-4c6aec699cd5,0,728842,0,5027,2321
10,02a7d062-ef1f-44e0-bf87-e99ffc7a22c5,1,26598,5,8992,3814
11,03099c17-2fae-4f5a-8c24-6d876648f5c4,0,152171,4,7220,3523
12,03550533-2229-43ce-8a97-2767e9e572ae,0,28322,5,2144,4016
13,0389a4ea-a00a-4d6c-8f58-03636bca5e81,0,912955,4,5496,1547
14,03a1a118-5931-43b3-b124-8602c5373e1e,0,972247,1,394,2717
15,03ba23cc-074f-4425-bbc8-acd939008ae1,0,545671,8,5745,2178
16,03e65d25-dbb1-4cd0-b4c4-ac38b31612b5,0,216603,4,7734,5300
17,04070e63-d543-4102-bc23-93950a7c48bf,0,678127,0,8516,6273
18,041754ff-af57-41e6-97a3-019a0e7b62b5,0,17543,7,1217,6603
19,045c2cc2-9311-438b-b9e3-6e98bbb68128,1,736010,0,4518,4346
20,049b8d1c-ac01-407c-9e27-2a7d5b97eecd,1,398414,1,9938,1780
21,04bc037a-f7e1-417f-a8ba-5e875e07b421,0,964358,5,7797,1740
22,058654bc-07b7-48d6-aca1-732f8d2aca74,1,614943,6,1084,443
23,05c45f1e-db64-4d12-8dc4-5299467dd814,0,209266,0,6835,749
24,05c602ad-a3c7-4c28-8545-f514a8e1af7c,0,985837,5,4805,3595
25,0645c48d-58cb-4cb8-bc55-00a5c228e59c,0,590037,1,6074,4256
26,0693133c-39c8-4c07-8751-acd2a2bf1da1,0,545702,1,2851,4771
27,06c9ba8c-cbfd-4b5a-8051-91351aec2178,0,624336,1,1966,3663
28,06d9793e-e491-4c5d-9c15-c903704da0ab,0,483422,7,3482,2942
29,07108aca-a36b-4827-8ac9-3ec8ccd564e6,0,18783,7,2813,5840
30,0718b6fc-1099-4725-934a-3970a519273d,1,17714,7,1485,1448
31,071bc922-7abb-4e9f-8a54-b21b6aecb45c,1,741356,8,4834,3729
32,078f51be-b29f-4ff6-a836-73e2196c76b2,0,451761,0,6517,5877
33,079e7304-5c35-4f3b-9192-20deebbad7a1,1,289557,5,9031,6660
34,07a110fc-6c4d-42be-b517-8fa04f23c6f7,0,311182,6,1352,1934
35,07aa2fde-4748-45aa-8438-f2d0e4bca985,0,459587,0,5212,5181
36,07c2ece3-e943-47a3-8883-023cb8f539c9,0,941775,5,133,4359
37,0823c0d8-8635-4c40-a0dd-8124cd6e5e68,1,812126,6,435,6019
38,08773578-febb-4955-93c3-e276d6c115ac,0,577735,5,215,1920
39,088a606f-ef69-4be4-a15b-85f77efd3a41,0,39779,2,4027,1201
40,0962e737-a570-4df9-ba2d-d146f37fcf45,1,931419,3,1896,2361
41,098a8f13-fbf5-4926-9ea1-2cbe72f8045b,0,926259,3,344,3471
42,09dc59ef-348a-4d2d-8a15-8fe2a44c1af8,0,678900,1,7819,3916
43,0a3866d4-eb35-4d4f-ab34-7a41be7b4925,0,985892,8,5687,1979
44,0b17c26a-a18f-445c-8c06-8bda330a3cd3,0,884201,4,7111,5458
45,0b887a93-4100-46d2-85e2-24197f6bad3a,0,40475,5,7612,4513
46,0b96f009-a0d3-4bdb-8d4b-0d80d1ec08e8,1,988213,7,7203,6523
47,0b9e7de7-6d16-42c9-9a42-86a05fc1d81f,0,602130,8,6812,2019
48,0bf2efa4-e1a0-4cf2-9a3b-db11cb9e028b,0,609294,4,4397,6568
49,0c21f237-9de2-4b2f-b9da-bbdfd7fe9277,0,988792,3,7784,3375
50,0c6f97ed-f676-49be-9691-8354af1e00b3,0,37399,2,9705,4608
51,0c701e7a-4998-4db9-a55b-701589340361,0,176059,1,4481,5536
52,0c7fcbce-593d-4982-af84-87f34af46dba,0,241004,3,6660,5293
53,0cb7ba22-0850-4daf-8e4b-21288d28baea,1,588122,5,4769,38
54,0d81291c-37f6-4c99-876b-21c5d98c23ff,1,131301,7,6256,5086
55,0e048687-cec9-4374-83e8-0b9c504484ce,0,34270,1,5838,4308
56,0e559814-b892-4d12-aa4f-233e9be7b817,1,728353,2,454,5132
57,0e840bfb-516f-47b4-a528-a6ee6e6dee64,0,277007,0,7957,3491
58,0eb42f5f-2055-4b7a-8e3e-fe76a2cbca17,0,401319,1,9484,54
59,0f201eae-9388-4dd1-9da4-f1c43a713476,1,540723,6,3835,4777
60,0f2cd062-f3e1-4c69-a6a1-1ef8cf51cf8f,0,85657,2,2399,2148
61,0f56eaab-ab7a-4398-ad47-54b8d22a84a2,0,166891,2,8196,5060
62,0f889f7b-1e9f-411e-a52a-a7113fbec77f,1,747903,0,2446,1245
63,0fa7d8c6-299a-4036-b550-f57a86fd6d68,1,815924,6,7807,2990
64,0fcce3d4-8a8c-49a6-8630-13c4ee45d01f,0,662867,4,4306,4171
65,102e0377-1be2-413d-b647-d42370995555,1,577721,4,9774,2184
66,1056f62e-946e-405e-9033-57d03589cf31,0,226254,7,9737,3663
67,105b050f-7247-4376-956e-63fb606bf239,1,206703,2,3384,3159
68,106f5155-168f-40ef-9c85-069e06eb24e4,0,341515,0,62,4701
69,10b9d03e-97fe-4b7b-b616-ca573341d839,0,328209,0,9566,257
70,10c222bc-aa72-49c2-b5bd-818bbbe79ca5,0,368346,5,4352,1818
71,10c265eb-1897-442c-9e19-ed4c7861f761,1,130134,7,8703,3555
72,10c56617-03bc-4c17-8120-045b1e3a74dc,0,149075,1,9254,4541
73,112ecb07-0088-4269-b171-0f412ae64525,1,189875,5,8677,2209
74,113e32e5-33dd-4de4-8816-d1dc9f2606ca,0,234650,6,5799,6739
75,1178f79a-d7dc-4eb7-95bc-c0b9eee4ea19,0,813684,4,1725,4785
76,119e2eb7-9f77-4087-bc54-3ebf36e3a0d3,0,469794,0,2504,1863
77,1229807f-6088-4947-a9d5-3a8122e784fa,0,941687,5,6775,2181
78,123afcdf-3a33-466e-a8e5-e96369663759,0,567545,4,6831,4836
79,124f28e9-ba39-430a-9ae6-415573151d7c,0,942280,1,7252,653
80,125ce11a-f271-4f3a-af0d-60dbf756553b,0,523655,6,4700,1237
81,12a79437-171a-4999-b7c5-c44512acb657,0,292051,2,2975,692
82,12c43d15-39a2-4f56-b6d6-dc2b89ebe0e8,0,308490,8,5646,1376
83,12ea1be2-f10f-434c-826b-334fa99a4b78,0,271918,3,7375,3962
84,1329f0d1-8479-4298-bb64-5ca718f8d91e,0,631243,6,8778,3036
85,134b725f-fc1d-4ab2-9a21-738d0f5ce9e3,0,198246,5,7222,881
86,1351a6af-6bbc-4247-93f7-3293e3931720,0,28346,0,5041,15
87,1364dc0c-ba3d-43a3-9a02-a458e1977e7a,0,484731,4,4506,6227
88,13fd968f-af04-42ce-9ec0-bd292ea3ed2b,0,962035,8,8173,2170
89,143ebda5-936a-455b-b7e2-1e2cd537d687,1,145712,3,1439,2566
90,14b0068b-cf5f-41c0-9afc-0662c757010f,0,159767,6,3863,2001
91,1505a18a-f26f-4d2d-93bf-89a3daaf3b33,0,78904,1,390,6304
92,152674b3-b388-4c07-af3c-a3413549e137,1,525447,5,1731,2414
93,157820b6-a642-479a-8cc9-355ce4f29288,0,911726,5,1719,4085
94,15952e0a-c60d-4a1b-8899-fbe2a71c5333,0,884657,5,4584,569
95,160c6836-84ff-4f70-b41d-8c3891230a6c,0,394567,3,4019,1501
96,160d4ba7-7927-4d54-9a12-5b4b7f20c438,0,277285,7,2365,4696
97,163d776c-4ada-48e9-8dff-5d1f3da3ddaa,0,510972,6,6997,3640
98,165ef624-53ce-4d55-aaaf-dc9f928e9c67,1,332681,3,5500,4194
99,16835996-59f9-44fe-b708-52ad5ceaff0d,0,792233,8,9652,942
100,16c81b0f-d0b9-4946-9743-9ce660e52e13,1,936066,8,4115,880
101,1740c5b2-391e-4bb8-be90-d3cfc8137116,0,164741,1,4305,2606
102,17c72c13-6d06-49d4-863a-d184bfef2d18,1,900679,5,6354,5042
103,17d725da-211f-4fca-9066-d7ad87e195f2,0,738734,4,3596,761
104,17ebb835-d690-473f-a006-5b70e75c4313,0,612645,2,516,1042
105,18377f54-c4a9-4abd-8b99-705636fd4bf6,1,860606,5,8682,1895
106,185f5995-33e7-499a-b8a8-f246ddc3a34c,0,788529,7,2989,6396
107,1871005a-b413-4406-bc6a-70a65a578cf5,0,556255,7,6074,1850
108,187cd6dd-0fb2-477d-90e9-49f98d117417,0,353781,3,8625,6179
109,18903d6f-c35a-44de-b85e-addce0d12974,0,390364,4,242,713
110,192ad96d-f055-4849-a912-6cd88f1b421d,0,253066,7,1846,3494
111,193733cf-5939-49a0-8ad7-4e53ce0d2a18,0,387514,7,102,5036
112,1958aa70-580b-41ef-9785-1963b5fe2abe,0,270058,8,4782,2289
113,19987eea-3a0a-4954-90ac-7eb2d588acc2,1,807666,8,817,3022
114,19a8e84e-9993-42ea-a8e6-57267c2f3907,0,718408,7,7965,254
115,19ca1b41-f6dd-40fb-8112-31f358ee5f8d,0,830304,4,5302,3712
116,1a216d41-45bf-4292-b4b5-06e424d9d400,0,834791,3,5349,672
117,1a2d0a0c-8bc5-4e10-af6b-bb0d6acffb7c,0,410664,8,3872,5440
118,1a31d360-304d-4ff9-851c-efea343a7c1b,0,495575,2,7597,6071
119,1a39762f-a8d1-4713-8817-f80b2c1dca83,0,7180,8,4224,1164
120,1aa199f4-7ad3-46da-a2ff-6d81c0ba472f,1,723298,1,2233,2350
121,1af863c7-71b5-4c6f-9862-9d546019c676,0,485907,4,7826,26
122,1bacff05-6002-44bb-8f70-7dbc7ab6802f,0,646304,1,7589,3607
123,1bda1b85-9f99-4446-ac56-db2b4c0d4c88,0,767896,8,976,426
124,1bf1b98b-e944-403e-8ce0-41c2204cd754,1,518575,3,227,3350
125,1c1e7293-67e1-4805-a529-14238dc2c989,1,578223,7,4019,1512
126,1c2a58ac-3da8-4561-b7ee-e7366f6421d9,1,986750,0,3219,4440
127,1c2c3646-87e6-4675-90dd-82eb024c8dee,1,400613,6,8287,1408
128,1c5490e6-9736-44cb-bbb1-dd1a84d802c2,0,115861,4,5981,1730
129,1c586b9a-bb1d-4716-b508-00d7dc986042,0,445057,6,955,4818
130,1c981081-af17-4101-96a3-44cab5e03eb9,0,473023,8,6423,3868
131,1ca8a12f-1ce1-4618-9c3e-d439fe35d147,1,516115,7,656,1143
132,1ca8c4c5-8779-4707-9443-8492a20710d4,0,564131,5,8860,3681
133,1cd83bde-047f-4ae4-8a25-4f43f96a1e76,0,663537,8,9010,5129
134,1ce3e67a-b4ac-43c1-b97e-3921ef628e52,0,907169,3,4,3041
135,1d23c2a7-66ab-4741-b787-f2363565f1ea,0,246300,2,8645,301
136,1d27b61a-8109-4c17-b2b7-90c10af79316,0,743047,3,3779,3662
137,1d3683be-7485-4bb9-995a-8736c58accec,0,693262,0,3072,5853
138,1d4cdcb8-c4c6-4134-af5a-4b5b72528d5c,0,340411,4,2412,3674
139,1dcf5fc5-39a6-4441-a7f9-02b4f4c7ece1,0,924780,5,7818,728
140,1df54cf5-436c-4c58-a273-c6184739f64c,1,197561,8,3055,3048
141,1e26133c-e89c-4a8b-968f-d7ad7e8edd81,0,885352,6,3244,4286
142,1f3ebe41-907e-4667-a2c9-d2976518561e,0,254768,0,2768,6242
143,1f408d91-b566-4161-8954-b80a7409ada3,1,130164,8,9042,5589
144,1f75a232-d60b-4801-be8c-60933508a87d,0,639467,3,3187,6374
145,1fa3918d-9f77-4f61-b1f5-0f35d6221a74,0,732199,0,7434,2726
146,1fb2877f-aefa-4733-a797-94079e061199,0,219979,8,8845,2121
147,201e2dcb-eb4f-4c3d-bb2e-2ff9a8bd6e23,0,740227,7,4828,6082
148,20510cc0-f0dd-47bf-8032-8e2d482a7ca7,0,413388,2,4464,2623
149,20aef770-e4d1-46e7-932a-5b8a472af0ae,0,427273,2,5039,3539
150,20e4ccb5-8aba-455c-861c-0a231d4aded3,0,540491,0,1257,3277
151,21071296-684d-4a4e-b2e6-8ceb81cb68a5,0,702561,4,5072,2455
152,2198b107-67ef-4f6f-a632-a6e56c7ad4d2,0,39053,3,805,567
153,21c02ab6-9706-4fc0-ac41-2ac7dec39f60,0,471970,6,4707,4231
154,21e9bd50-19c2-425a-9cd9-3f7b25a41d3b,0,528229,5,382,1663
155,22253f11-30da-4342-95a3-fa1cd5ae9a2a,0,611556,1,8269,3104
156,22b56252-89ce-435a-86f0-c00aafa1130a,0,19230,1,5759,6206
157,231d969b-85f7-4ca0-bd1f-80e76d3fefb7,0,62859,8,4124,4205
158,232a2854-7f97-4f2f-8ee9-3224a472ae87,0,150936,6,7233,3834
159,237fd167-7a56-49fb-b04a-f864444e0c86,0,618652,1,7343,4976
160,2383d08c-6bc5-4248-9416-ef39fb14b256,0,783463,0,2002,3969
161,2384fe79-d536-4c78-9458-33ec929a59df,0,354510,0,6692,2541
162,238922fe-1536-4802-b832-5b2af1a99529,1,815811,7,9465,5411
163,239f1a11-2ac3-45bf-b583-f399184bcd0b,0,274449,2,5520,341
164,23a5af36-d1cf-4cee-94b1-6238d722ff25,1,780260,0,914,1527
165,244f328c-b268-4985-90ce-b111e3f03b84,0,782354,2,8011,874
166,245aab86-b938-49f1-a60d-7c33b8decd54,0,729957,6,6486,1215
167,24e394ce-e36b-4ba7-a008-010f55277d0b,0,893421,1,1260,6784
168,24e4c83e-44b5-48b3-bca7-b1b759924162,0,534367,7,4785,227
169,24edac0c-a22d-4d51-b0f2-ce0dec9752bc,0,463279,1,5434,2619
170,24f5509a-8f00-4389-a9bb-764334cd544b,0,165422,1,8414,3300
171,2576f4b8-edc3-4567-9ad3-7bc995af4fec,0,116799,0,9752,730
172,258378cd-8fd7-4730-8a73-fab143a1f80e,0,943086,6,1203,6766
173,25905c28-1633-4d30-9e9a-516617c91b8c,0,520398,7,5650,5557
174,25bebf6e-7222-40c2-86d9-0e2f2fd45bc0,0,692006,6,5460,1681
175,25c35e64-68dc-4c5a-b311-27c84851610e,1,355900,5,7701,3923
176,265a9bda-38da-455a-9a0f-e3201d84be2a,1,715897,1,4154,5318
177,26933967-516d-4853-b015-22a4770606b3,1,570415,0,1463,1669
178,26d13d5b-830e-4df3-840b-c1a2c9b778e1,0,635635,1,1236,3843
179,26ed4942-6432-4311-bc0c-9baca5a31a06,0,942382,0,9534,4297
180,27048d1b-dafb-42fe-bffc-508792efb6af,1,747334,7,4781,2725
181,271298e9-de5c-4d1d-a040-fe6803f5b89f,1,159436,0,7201,5706
182,275e422f-fb16-4a4b-8286-3e010c60b113,1,478779,1,3617,1099
183,2812615b-d2a8-4a94-bc33-d2dbd49df4b0,0,650537,7,2285,6415
184,2882808f-784d-40f1-a3a6-ed307eb9bb63,0,590771,5,6561,5528
185,28a8c995-a387-4165-8eb8-eccf0a16dd20,0,681716,0,1886,6304
186,28b36068-164e-412d-a740-fed13717be0a,0,452972,7,5334,670
187,28b5fdff-1c6a-4c1f-bcb6-061a3aa73eb5,0,489560,0,1313,3957
188,28e176f5-d9db-4c3b-8968-460e9335b225,0,480578,2,9974,4982
189,297552a9-cdfc-43e8-b0ec-ff4f422b1326,0,810219,5,1025,533
190,29cfb490-7ed3-47b5-9b60-2cb3112dfbf6,0,522519,5,3458,4996
191,2a19ef04-0905-48b7-8f62-369b11dea175,0,283027,5,4658,6322
192,2a9e354d-cbf6-4458-9ba5-045e492105ba,1,55952,7,3329,6637
193,2ad6a13f-7b2a-4416-b70f-ed8f41788fa9,0,99410,8,6789,6682
194,2ae7ef2c-cabc-4976-87e1-1f2e0bc2fa54,1,775219,0,7015,4521
195,2afbea4f-d1d5-4689-be61-ec2e1b358678,0,343475,7,1848,1406
196,2b62fddd-9649-4cd9-b515-72c9c1fdb787,0,312109,1,1230,1409
197,2ba8f084-0f73-4018-8017-103b3dcdd80f,0,280509,4,6369,1653
198,2bb73719-170f-49dd-a41e-12986e3b9c9a,1,453013,0,5051,841
199,2bc6183d-ca98-4175-9c98-599bd01101d9,0,510131,8,1909,2855
200,2bfb9c0c-611c-4360-81fc-0f0c7de42f43,0,858291,2,8358,4631
201,2c450177-ef8f-4027-9f65-8ea5160afc47,1,540411,6,513,6170
202,2c4c20c2-1fc6-4f08-9c2b-8c3e7681e1ff,0,817876,0,3444,2915
203,2d5893bb-250e-4228-8ab0-1fd6ae9d310b,1,515572,2,7521,380
204,2d6830b3-48b7-4951-8504-1e22e84afa76,1,627305,1,4514,3725
205,2de3ad01-d83d-485a-a574-509d57075ebd,0,585460,3,7271,1468
206,2dff3ef3-4f01-4dee-9820-d72c49ff8816,0,802740,0,234,4037
207,2e25e697-4422-47ce-8994-933634fb354d,0,192204,1,6677,821
208,2e5fc44b-9bab-441b-a73a-49327115e954,0,766237,8,5324,4063
209,2e7ef430-5a5e-444d-85d9-157047490387,1,12601,2,1198,4614
210,2ec21ed6-d580-4bbe-bc5c-a6a47f76a59b,0,36133,0,2117,456
211,2f1555ad-b804-45b8-b361-6fca21377015,0,242886,7,5783,777
212,2f1c2160-d6f6-4f49-906f-8a1b6f3c6fbc,1,224776,0,7983,2027
213,2f3cf68e-59b1-4783-b2eb-dcf085e1f3b0,0,645215,4,7212,3813
214,2fc565fb-f448-4b94-8a52-7492abe701f6,0,135385,4,9329,1705
215,2feb00de-0656-4632-87e1-dbb06e44a96c,0,311979,4,4908,6522
216,30655379-4025-4647-950a-2b1e17a7b278,0,253170,4,5809,4099
217,3091ddc4-c879-4992-a0aa-9251571cc83e,0,703077,5,3210,6311
218,30b3c9d5-9557-4044-a4cf-a7d6965666e3,0,179530,2,1551,3644
219,30dc7e98-9210-445e-b859-959c556132f7,0,859043,0,1249,2576
220,310e6eda-7fb5-4583-af41-e405d43b45b7,0,464946,2,274,3472
221,31220094-d2d3-43dc-acf4-c8d2eff06645,0,652961,0,1697,877
222,312caa62-9bc7-4f6e-894d-a9ad50a79f3f,1,453921,3,5473,72
223,31c46141-a5a0-4e1d-8509-dd3b710f6b88,0,141551,2,2956,3321
224,31ee5906-439d-49d8-af01-e0f1f9adde0e,0,13749,4,6681,313
225,325a9d8d-cc0d-4b22-949d-be37ecee0e1c,0,523798,8,5096,1817
226,32b57dda-a8b6-4360-a7aa-d72f14c5386e,0,776888,8,2234,5300
227,32e93bc3-2349-48f9-b5bf-e94fdb13c727,0,660800,4,5340,4914
228,3341b775-6125-4cd9-91f3-20bee329434c,0,329917,1,4242,1961
229,33839114-2d08-4a60-8865-5d5c6268754b,0,491031,6,6073,2413
230,33be4505-2135-48e1-a010-d5d0efa0777e,0,577372,5,8437,6575
231,33c8e6c8-efbd-429a-a0e9-6c22b0e1084a,0,832651,3,6683,6646
232,342d405b-1f8b-433d-85db-66b887502fe4,0,866525,4,3269,1159
233,344b1a90-03af-4918-8bf1-7cf81a846d5a,0,577996,8,6792,1659
234,34583817-a513-4359-a672-63f3f1de3475,0,935037,0,1252,3883
235,348aa7a3-2cde-4d25-b045-c4e99abc084e,1,949652,5,4405,1363
236,34f74617-6b2f-4103-a7c2-1cf92b221cc5,0,802726,0,8721,883
237,34fbeb54-ca1a-4b3a-ad7c-bb1941eb8749,0,588300,3,9073,5805
238,350d01e3-159c-46c9-af01-98a67b113654,0,87021,5,9611,1822
239,35ee69a7-75a0-497c-a24d-6cf4466cc5ff,0,618534,4,2160,5786
240,3672fd24-3e0b-4345-8bff-6067e0de2ee8,0,614070,2,1526,2739
241,3707b589-dbeb-43de-bebf-9aff364fc284,0,57649,0,4755,3331
242,3730ea3e-f809-4194-8b2c-f2e86a9b8995,0,444007,7,7284,2061
243,37507bea-512d-4171-84df-0d6370de8e9e,0,356773,4,3359,3953
244,37582e5d-2e8d-4fb2-a2ac-a7b2a42b4d12,0,673200,7,4879,1698
245,37ab8a53-9fd4-4a2b-bc37-76a27b810f0b,0,677254,8,8883,5977
246,37d01a09-546e-4c79-99f5-013f72429c19,0,934188,8,4292,1215
247,383f224f-f2fe-4084-b578-a83e43fece8f,0,781243,8,4868,4206
248,385528e4-aaf0-4bcf-8d98-514dd14ed73d,0,431158,0,1854,49
249,3861e8f3-e5f7-43e6-89c5-e730bf2da719,0,758030,1,1917,5002
250,387229aa-561f-4547-85ed-30fe3edadf28,1,555500,5,8568,762
251,38cf5f97-03cc-4991-b50a-f9f2db8b7f5f,1,995165,6,4349,87
252,38e46406-9ce1-4f82-b619-6fc813f211a0,0,892,0,4979,2675
253,391c05b7-c95b-4a52-826f-89b646153683,0,308677,3,1428,5109
254,393069d6-4123-400b-b864-ff1273f3ffbe,1,478195,4,6571,1545
255,3a9ac4d6-6b04-41a6-9adf-f6f6dcefa313,0,451723,8,9691,2398
256,3b3dffa4-f439-4038-8747-fad1d92147bd,1,209497,6,5962,479
257,3b48d6d3-c822-43ad-8025-cdf930cf5179,0,796306,6,4001,3945
258,3b8bb06a-9018-4025-ae17-9d4588a5ff39,1,786871,5,2124,562
259,3bb84bfc-aa8a-4e85-90cb-39c5cbb73b97,0,396165,0,3216,2342
260,3bb9c377-89c7-4cc9-89d0-f456985f81dd,0,727395,3,9985,1104
261,3bea23ee-2ca2-405d-a01c-259405580790,0,262970,7,1574,2668
262,3c531a0a-b4bc-461f-bfe9-6531ac3c3ffd,0,598437,5,3951,4613
263,3c8ef360-3d45-408e-a989-00a414898c93,0,655719,5,7531,3407
264,3cb04b81-c3b6-47e0-b0f3-4b0e8ee16c01,0,164059,2,2529,3645
265,3d25576b-d67c-40b6-9b5d-3b3d2f0ccc1d,1,37977,4,6230,6622
266,3d296608-c565-4e0b-b6a1-c39253ca36d4,0,390269,8,824,3321
267,3deb9639-6438-402c-b40b-583e50a7da11,1,808270,8,2562,6251
268,3df4fe2d-a784-4b7e-9e8a-ab637c52c30e,0,255796,5,2510,5284
269,3e2098a4-95c4-40e8-bf02-383d8713d7d7,0,679720,6,3288,5772
270,3e2daee9-c4a7-401c-85a3-4823ab5dad77,0,749887,6,3593,305
271,3e5a5f6c-2629-47ac-8d8c-bc785bb9a90e,0,446123,1,3177,6630
272,3e5fb39c-77a6-45eb-9f53-971ff79b3364,1,497919,0,3272,2553
273,3e9499f9-2993-4487-93f9-b38fd18061ba,1,857784,3,8778,2442
274,3ec4b0e2-d618-4554-bff8-f31a1f75a2e7,1,377334,0,8251,2939
275,3ed126c6-163a-497c-944b-20e67c13f371,0,825106,0,6715,5033
276,3ef06c93-f669-4a7b-b373-e7b606737c96,0,800395,4,7488,4796
277,3f7fb10b-dff2-4525-948b-4ee063c1af5b,0,763087,8,5159,2545
278,3fba1d7a-b0a3-4c81-955e-5cdd66f01dd1,0,176265,4,2932,4817
279,3ffad48d-8e2c-4809-95a3-c9a9dcabc999,0,681109,0,3609,244
280,4014f591-d697-4036-a492-76e6b461b110,0,531501,8,8451,421
281,40f8a80f-6ab7-40bb-a3ec-1b21772ec5e7,1,484748,5,5051,396
282,411ee90f-2d48-4996-aa2e-3a91aa712d3a,0,901333,8,4610,1153
283,41249598-696e-4416-92fc-0df47be0c3b4,0,340227,8,4748,3603
284,413c05b5-141a-4161-a703-6e164955fcdf,0,793881,4,340,5602
285,416cf26b-7eb2-4140-86d1-eb9dc4cc2947,0,268415,2,4280,472
286,4198a58e-9e6e-49ef-a79d-78f21da5d641,1,569389,6,9388,2610
287,41a118c9-c3ef-4a12-9f59-a21c51051179,0,468273,6,470,4396
288,41e23d99-2158-4239-a3c9-f3016ba4290a,0,907301,7,7822,6425
289,4262a2e1-bd88-4ff8-bc62-619ea9a39ef1,0,178097,3,4707,1678
290,42d6a4b8-e198-4a09-a435-10b153badfc2,0,512346,3,5283,5864
291,430a8713-a6a9-42f9-af0e-b23cc7832538,0,236556,5,2662,18
292,431576a5-aef8-43ca-810a-6ec2cd286e79,1,72264,3,5,1826
293,439bf853-2fef-460e-8625-9390eb68a7b1,0,469908,7,4902,3630
294,43d0e28a-7103-4d4f-8bbb-366043310791,1,410674,2,7941,736
295,43d2a245-e8a8-4eec-9349-78071985e419,1,89583,3,9891,1564
296,4460c604-8543-42c5-a418-e1a8186ba38e,1,239348,8,2223,3882
297,4477a23a-9cf1-4416-ae32-125a3067c459,0,29935,5,975,5890
298,4486dd6a-5ef6-44b2-bca8-201b2a07d567,0,498743,5,6113,2982
299,44ab99d4-a915-4ee1-8794-afef89f82df7,0,-4137,1,1819,5542
300,45446001-d01b-4758-9e21-e7945825b9aa,0,482424,6,9696,5511
301,45657f7e-42a7-4e2d-a405-3848e4fd087c,1,815159,7,5672,4471
302,456e4351-16f3-45ae-afcd-46019d4f52e8,0,805631,8,1588,1474
303,45b617da-0d23-4ada-8844-033b84adc06c,0,394518,7,8444,2516
304,45f19d4c-7cb8-4413-9722-721b095e76d6,0,914986,1,9578,5706
305,4632ef87-4494-478b-9ac3-998b59a7c214,1,523126,1,4078,2928
306,46651e45-7d83-4e93-9e6e-ce6f983a8c84,0,531902,0,407,5287
307,46abaec7-035c-4154-95c5-5a59ed799c94,0,350245,4,2268,6625
308,46ea322d-203d-4382-9b5d-c5cb1ad81a71,0,688594,5,2930,4003
309,4704851e-2f3a-4f21-b88f-dbb07eb9ca1f,0,914130,8,2133,1282
310,471a9217-a902-4387-b59a-7f373410a321,0,186810,5,5728,2799
311,476719c9-ff9b-4934-b625-db231230f391,0,111328,3,4246,2876
312,4792bbdb-f4a9-405f-a054-fd33428c79f5,0,981566,6,7594,6421
313,47edb2f3-def4-42f6-85bb-adc25deed8e9,0,399875,0,8022,901
314,4843be8b-2758-42c8-a35a-e41ca1e5b030,0,589320,6,564,4067
315,4889e883-6b41-48a2-af8e-04195cc23246,1,494568,1,5250,3573
316,488e6b4f-686e-4e83-a54c-695a77e821fe,0,161362,4,1588,2825
317,48cb6651-a0f0-43be-9fff-f7d08e18028b,0,451098,5,6271,5355
318,48e08623-ed55-4dc3-a910-03586b0c52fb,0,585304,4,3077,6354
319,491d1332-8d6f-430a-9da0-43bd590f796b,0,700051,2,6335,3469
320,496fa519-0919-43b7-a249-7d9683391d23,0,850215,7,3615,2638
321,498a6ea5-2274-4c8e-8080-4ee67af8c73a,0,660313,7,9572,6084
322,49968ea6-2c29-4fb4-ab80-4bda23e7d1b9,0,219786,4,6631,6073
323,49a1d8ca-c247-42d9-b944-9cdc595e328c,1,567030,4,303,882
324,4a395e60-0891-4592-9999-41104b51a073,0,663804,8,5167,444
325,4a542bc0-9f4d-42e3-81f8-3845f0fa2a92,0,919305,4,725,5748
326,4a845e7f-62e5-436c-923d-1e497170f11c,0,890044,1,5533,3935
327,4aabf8be-2106-4fca-80a9-335bc61cd1bf,0,764551,7,5631,3866
328,4ab8b987-abc2-42b9-a37d-0de8522b5658,0,546985,4,2489,3608
329,4b417620-cd6d-4da9-b5d7-9c60143c9aa6,0,339079,8,8420,1210
330,4b486e23-680e-476a-9625-9e21581793b9,1,875854,5,1541,5172
331,4cafe361-175f-44a5-8afd-765208b943fb,0,756860,1,7278,3328
332,4d2b2c04-fbae-4a7b-855c-613d60d27ca6,0,96430,8,804,515
333,4da44b58-96af-485d-b753-53cde5c48e9f,1,364573,0,2845,6108
334,4e44d982-1376-4623-846c-7c01ee94f022,0,87113,0,8430,4874
335,4e61e6d8-cb2b-48d4-a8a6-0513e46dca43,0,962219,1,8660,4960
336,4eca914b-1e46-48d9-b687-c2878dde022b,0,342926,1,3212,746
337,4eeead7e-8041-4c36-af48-46e1f03708ff,0,672132,2,4989,4440
338,4fae0bba-4a98-4626-b265-5a09313cc9fe,0,665979,1,9161,4440
339,4faf3cc8-d0e6-41d2-84e5-134c62e81ef9,0,54582,1,2913,3398
340,4fe969a7-fef0-479e-ae85-a657fbe1765c,0,806330,3,3186,2881
341,505d4eee-612e-4b83-a225-daa0cd0f2fbd,1,986169,2,9271,3640
342,50e85943-bb0f-4f44-bd7c-4484c55a3c5b,0,807240,3,2707,3432
343,512312b6-4c6e-4026-adbd-a7b5adebc251,0,946209,6,3729,423
344,51250a9c-22e8-4815-9edb-8d37a91ec643,0,382126,5,3511,289
345,519e5c44-99d5-42ae-8a12-7ae8a325c02a,0,464465,8,6140,4450
346,51db518d-e8df-4cc3-bcee-509e1f3ce620,0,349693,6,6365,6636
347,51ffbd77-f951-4d60-bf46-e08f08e8f4b1,1,263950,1,545,1768
348,524e2c60-9c6a-4dfe-95f4-a5771318e3a3,0,635672,0,4858,2416
349,52647fd3-4ab1-430d-9622-fd61b57084b9,0,248867,8,930,3178
350,527ad50f-de10-4cc0-a8a9-ad484a8b50d2,0,56586,2,4141,2635
351,527bcd19-af99-4aaa-a728-4236b3f5e43c,0,279985,8,7787,3323
352,52f31c60-5bdd-435b-9dc8-4bdf26ef5dcc,0,257395,0,330,1466
353,532bcdd8-b91e-4fca-9b6c-a085215bf3b9,0,141809,2,7293,1705
354,532cde7d-165c-4272-abd0-2efbb57a9205,0,409133,1,1292,71
355,53535263-b8bd-4569-b0a8-f135d0d3327a,0,755114,6,7794,3222
356,53ade42f-21cd-4bde-8bf7-a1d0f8c37ee9,0,535140,5,2941,6029
357,53e2a8d4-8030-45e8-879e-55bf23489100,0,220111,1,9557,511
358,53ff0ff4-7141-407c-b962-a6d10545fd5f,0,741181,3,6271,6099
359,5423c68d-096c-4082-854b-156b3e4ac6bd,0,509712,4,8154,1746
360,546ada4b-e3fe-4bd1-94af-5b0b23c5f104,0,671429,3,4132,912
361,54a21c26-c2d7-421c-b302-717449e134b3,0,77975,7,9673,5536
362,54caedeb-5f9a-4028-9f09-9ec3ffcff14b,0,455308,2,5199,2421
363,54e17889-fd0c-4620-a2da-1df96bfcd613,0,995869,2,7882,2407
364,54e651ba-2d33-4af2-9513-9b57311ca934,1,709518,6,5281,6051
365,5552dafe-cab7-409c-ad18-c38682719e27,0,170715,8,7137,3168
366,556b9e70-731f-43fe-8918-500d396e8b1f,0,618018,6,2783,1933
367,5581cd66-e36b-4896-b846-698b5d20706e,0,306556,6,552,876
368,55948a2d-8f7d-47f8-ac9b-763d3b810442,0,431580,5,7914,2158
369,55c806f2-cc2b-458f-ae4e-dbbf1a39db66,0,598221,4,5070,1703
370,55df59ba-048b-449f-8c0c-c27e82a73947,0,140472,3,3542,577
371,562fb047-489b-44fd-b5e4-e4feee6aaf8c,0,237710,2,7938,4554
372,56931ee0-b0c8-4a2f-891e-06a871947640,0,198313,5,964,2025
373,56ce5fc2-d99a-42db-ac68-8636d6b94dc0,0,410875,0,1156,1191
374,56d3250b-e5bd-4ffb-a138-a2edc276d5d6,1,551181,4,6213,3285
375,5711eb6a-5ba2-4bdb-a346-151754d789f0,0,944462,6,5986,2735
376,576ab723-ff09-426a-ac01-5f3121f5b01b,0,619089,1,9443,5079
377,5808b677-4bb0-41e1-979d-4d7dbaee6e15,0,256907,4,7412,5593
378,580d9cd4-f66a-4e08-8efc-7480ac7e5af1,1,653381,1,3973,4225
379,5831cc32-a29e-49db-ac2c-fff07ab54641,0,70480,0,7129,709
380,587ad707-4c16-4965-b5cb-ebfe5f51564e,0,915344,4,2054,941
381,58aaa814-dcef-4016-a827-d84b5f84f64a,0,207516,5,7221,3435
382,58e3d3d8-1d28-456d-91a8-880db1db02b2,0,308522,4,135,1004
383,58f863f9-11e8-4a92-955f-f481591fb30b,0,679159,1,5176,774
384,59258863-8ae9-41bc-bef7-0c28dba254c9,0,925538,8,7163,2939
385,59f2032a-b31b-4d45-aa03-61821de03b61,1,428797,1,3507,6541
386,5a00ec44-a15b-4891-a5c1-ce1ab43a5cad,0,63272,3,2643,31
387,5a809d1e-2dae-424c-877c-6ffe8479d9ff,0,850875,0,6053,2830
388,5b26c537-d817-43f9-a250-061798dcfdc6,0,302284,3,5842,5084
389,5b462404-5629-4510-80cb-50e02e46ff64,1,938991,2,4500,169
390,5b4ceb3b-4476-4b43-b11c-1b1757eed029,1,969012,2,1614,2238
391,5b50a20d-e1ea-4884-b5bb-9a3c92198f58,1,430159,3,6242,6030
392,5b626305-094f-42ba-bfb9-0c4158d69f81,0,537502,5,5264,560
393,5bcae0b9-b19d-4485-8647-a1d76f822f45,0,336206,3,3076,1835
394,5cbbaa2b-a3ca-4385-9628-0a19c8c07419,0,564421,4,5579,5866
395,5cdc53a9-cc18-465c-aaf1-f7156838a0b1,1,988765,4,1239,6255
396,5cf68f49-8609-4b72-811f-a488bc7d332f,0,194478,1,1542,1811
397,5d887e9e-f6a9-41dc-9f43-747b93dd2458,0,283133,8,7764,2665
398,5ddd0479-cd64-44ec-b67b-f76675bafb24,0,206730,6,4718,893
399,5e34c618-4523-44b4-a235-0e81e13ee687,0,350193,8,8473,6699
400,5e591d6a-98b1-41d2-9909-471c04cf1235,1,997791,0,9181,2939
401,5e96c8a9-fead-4241-a752-1f172501ec8e,0,764605,8,7308,4087
402,5ed03cb9-4aa6-4d44-8ae9-95e73bebbdfe,0,790369,0,4644,1736
403,5ee06658-ba0a-427f-861a-6b50ff69fa2a,0,938001,8,4532,2348
404,5f5f9b92-73eb-4b81-9178-53d89ebe69ee,0,166402,7,9263,3601
405,5fa87ee9-821f-4fce-98fd-8c1938124df7,1,377137,1,8330,3509
406,601fa4eb-21c7-46fd-bcb8-ed772de91dc4,0,452325,6,5502,1797
407,603ef579-68c3-4674-8546-87634cdd0f18,0,114424,3,3164,937
408,6064874b-e576-45c7-8720-706d8383cdaf,0,278434,0,8991,868
409,60991e8b-d285-45e1-acab-68df792b1346,0,158947,6,7600,269
410,60c0bac1-b726-441d-adc6-fbfca81023f7,0,860766,3,3531,6705
411,60c2797e-9e6d-4086-8481-d68e50feaa6f,0,323575,0,3820,4800
412,610f6f6e-4bb7-444c-bc21-37bcba1439d4,0,411995,8,8818,218
413,61188f95-44e8-4789-87d8-d2adab64ddc2,0,481892,0,949,6587
414,615447ee-436d-49c7-b733-0a4a4008446a,0,250750,1,2631,3097
415,616c40bd-6f8f-4b2e-bd4c-131e9c8f25d3,0,723628,5,7338,2609
416,617fc74b-300a-44cc-a05f-7e7059907d0f,0,607571,8,8811,2668
417,62285e62-cb15-4c11-a920-5e11eef25cd7,0,386911,2,8012,4302
418,624da621-73a3-43cd-bc37-b65d515d72ac,0,867743,7,2467,4426
419,62eae3fc-a8a6-41b2-9293-af4b89a68fa9,0,350277,0,5981,5253
420,63235ef4-df90-4f87-bb27-43b2cc4339e1,0,309774,6,4000,799
421,63b01a3a-a3f4-4ca7-a727-c2054b2e7f9c,0,924017,1,6671,6025
422,63b66175-4271-414a-917b-c647f0e0cb83,0,492513,1,1950,6455
423,63b79faa-0f61-428b-9997-6870606616db,0,721056,8,3467,1669
424,63ccbaf7-8766-41f6-80e3-c8b638cebac0,0,233567,1,6992,3575
425,640a8720-c80a-4def-8681-4849660dd8be,0,590373,5,1317,1055
426,640bd510-df72-48b1-9945-d68299fee299,1,957434,1,5471,4111
427,6412d87d-2bc1-49db-b819-51737942a422,0,486808,6,1369,6085
428,641c5362-8cd7-408b-a1b1-7e4416ece25c,0,501955,4,8245,3218
429,649f67a1-9120-4af8-8e41-c3682e8c5dc9,0,630225,3,4576,1482
430,64e8e902-baee-4b5a-8073-87dc375e889e,0,939597,4,9270,3077
431,652d3a00-efd0-4061-9dfc-40efd30c2e0b,0,842133,0,7251,2599
432,65612049-7bf3-406f-b438-2af212e37277,1,42358,1,6659,6125
433,659b98e9-f079-42de-bcd3-0dfc089b4039,1,263016,8,2786,3459
434,65bbc211-25bd-4025-a094-fef9244a26ee,1,885246,4,1375,2441
435,65cc42f6-1b47-463a-968f-26e287f601e7,1,419157,1,5418,4519
436,65e7bfe9-1a9a-463d-b961-d8d3e63d3e89,1,816405,4,3535,6126
437,65f0e069-f738-413f-84a3-e4992d943bc9,0,919173,4,5427,1480
438,65f80dbe-d031-436a-bd33-3f0670f4676c,0,974683,0,7468,595
439,6642820b-efc2-4198-ae16-7d0a5352d0b0,0,922647,8,4123,1461
440,691a34e0-3adb-402d-901a-16a072ed666b,0,768631,6,9682,4328
441,69424c13-47e8-4aac-b7ae-a81fb973dd57,0,289913,6,2746,3250
442,698227f0-ce6f-4595-a3c7-f126b07bfa18,0,6444,2,988,6725
443,69b1e83a-c432-485e-8d4c-90e05eb8083b,0,428469,7,4128,6039
444,6a03cad3-6999-436e-aa55-f70b99efbb9a,0,185832,0,3165,5947
445,6a307cbd-7aad-486f-8c7a-a57570ea2d04,0,89003,4,7781,3086
446,6a33ea50-9241-425e-a347-d51963464086,0,550524,5,3409,3161
447,6b580060-9d0e-413f-b234-e7bcf4a2f5c0,0,305192,5,4497,1621
448,6befaa47-3619-4112-b7f7-790ec824cc96,1,532036,2,5565,6321
449,6c7b93db-fd90-419b-8ffa-99d57b07594f,0,657454,1,7036,5529
450,6cb639a8-98e0-4515-a42d-3ca9f449357a,1,693966,4,945,148
451,6cc8215d-da45-465e-b609-b68b7f149060,0,305651,3,3864,1604
452,6d2fdbbd-2c72-4f88-9e12-04ebc37dd677,0,896061,1,6847,4977
453,6d4ef96b-319b-4277-8849-c1508521db50,0,808730,8,3913,3115
454,6d6dea1e-e900-4139-aab6-57dd368b84a1,0,417609,4,6410,3996
455,6d904d71-20a4-43e5-b5ca-93031019d0cd,0,524062,0,8323,2280
456,6daaf891-af4f-4348-a882-c963676c72bd,0,508938,5,6908,1836
457,6dd5f7b2-0c76-4acf-90ee-cedd3b774906,0,709106,7,696,26
458,6e5d4c58-eb22-4e2f-b6cc-f577ad0b28ac,0,289970,5,9905,6648
459,6e994046-7007-4968-91a0-d65543cc1154,0,405164,7,5803,4848
460,6e9ae962-4085-4119-ac3a-f7cc41ab6cfb,0,783103,1,5974,1764
461,6eb8e6c8-b850-452d-a61c-156fd027b1de,0,477899,4,5224,3338
462,6f693196-620f-4334-a0c3-9f2f0bbf6863,0,659049,4,1357,2829
463,6f96cb0f-98fe-4155-b80d-1cb95dec1eef,0,822115,8,2341,355
464,6faf74fa-1f5b-4873-ae82-df38fa793026,0,776981,5,1355,5753
465,6fd1f463-7808-4a1e-8181-6227818aacd9,0,449368,1,7497,6138
466,7012a826-f089-481c-b7f5-c333e816a366,1,72799,4,5479,6184
467,70205a0d-9f19-4db8-a864-e9e5b8fb7f17,0,583567,4,8299,5830
468,702123ab-b820-4e1d-9f40-23b3e176cfdf,0,31568,3,953,5126
469,702c1773-bd87-4514-a6ce-0bd62eec60e1,1,368801,8,4925,3995
470,709243e3-a26e-4bcd-a46f-94f4a4e965a2,0,425896,1,8655,60
471,709ce600-7053-45dc-b802-5d4a1d1fb8f3,0,637224,3,5227,4934
472,70d27c6a-198d-4193-8d85-25f555607ec9,0,282160,8,3912,2069
473,70ddf536-eb46-462e-b884-411d49bcba42,1,611611,3,4261,1343
474,70e83771-ce74-4261-8f17-0d893b2469b9,0,52979,8,7427,4232
475,7136b3d0-8e93-4c92-9eaf-ac5721b62c8b,0,609309,5,2405,5357
476,714886e7-e33b-4f18-8277-038ecf401d7e,0,860531,6,7892,264
477,71518758-5b46-4761-a93e-b83c1fb2be03,0,986537,1,5230,5269
478,7155a9dd-6daa-4df5-ae54-fc72391fda37,0,348979,5,4332,6081
479,71c62e9e-a9c2-4fb5-a339-53582e8b3659,0,7622,6,526,3810
480,71dd12ca-baa2-4d7e-93bc-63c9bad1cab3,0,38893,2,8134,2757
481,720d44a3-acc5-4d7a-80a5-0ae6a7a75c46,0,198267,5,7179,2726
482,7234dd8f-9277-494e-8364-b4dd30be5aff,0,121567,6,9149,3255
483,733c237a-9a1c-42e5-aaa1-3739c90e5ad2,0,476326,6,7552,1827
484,73d1736f-1cd9-4f66-9771-32bceb576f48,0,847716,8,1288,2055
485,741ead04-5ca8-4bc6-a785-23bddc40619e,0,992810,7,7421,2565
486,74cf43b4-be9a-4607-8fbb-69525244403e,0,107988,6,9028,5473
487,75bfe467-3b16-4435-a5b2-1353d9f9b5e4,0,180676,3,1164,6395
488,760a4406-02f9-43ad-b51a-c393125104ca,0,623400,0,6362,368
489,765f2b3b-63d7-47d2-bc28-813df8a5f8ce,0,899544,2,6403,2881
490,76821c24-583b-4739-8f2e-f3133e7d1bbc,0,888003,6,640,2026
491,76bc4650-a237-40a8-a81b-19f227b0838d,0,859407,7,4997,4844
492,76cfcf6f-f669-4a7c-b706-620d9fdcf463,0,468129,4,7760,5151
493,76ee0c42-8e41-485f-b16e-c479cc35a28e,0,768499,4,5801,5324
494,773e7b87-4797-4ee4-86fd-35aed2661a85,1,893755,7,2834,3884
495,77b15be6-08c7-48d4-811e-a31bdea88662,0,542635,6,8959,1834
496,77be5f41-ee83-41b5-8f60-02bb13627dac,1,739540,3,4471,3552
497,7921c0a7-11f8-4e19-8309-cc3867906450,0,337030,7,4017,6313
498,7a47f978-9feb-48cc-880f-4bc65d9bb301,0,686436,7,8672,1398
499,7a6de69b-6ae3-44f8-b3b4-a2d43be507e0,1,501672,2,1341,5968
500,7a92d9bb-f8e3-4a46-8322-c661c09975f9,1,424385,1,350,2579
501,7aeb9645-cfd9-4fc2-aa75-b26a451b5e6e,1,443735,0,4638,5495
502,7b116c41-3547-40ea-a935-cec6488396b4,0,377622,0,4509,3273
503,7b1afa89-ee3b-425f-80d8-594d5e75a388,0,364613,5,3817,5698
504,7b4c7335-8ed2-4a69-9e3a-cff007b6df20,0,235694,1,9521,3260
505,7bd04b12-64c7-45e7-8a01-504e6e82dc52,0,255499,4,9440,6036
506,7bd6aa49-dc41-4a2d-adf3-0d95532ed8f1,0,347830,3,3875,6492
507,7c5e9376-2cd9-4ba0-86a3-1ac573743810,1,573696,0,2853,122
508,7c90009b-19c9-426f-8476-6181bc47913c,0,160359,4,7522,3391
509,7d0cb50a-a01f-4435-9935-d7e9dfbea353,0,869662,4,6215,6669
510,7d35b025-a613-4c0b-a28e-6d5c1481f694,0,346648,3,1847,4723
511,7db153d2-4843-426c-93fd-4674edfad53e,0,261207,4,7781,5760
512,7e1ee659-be1f-4f7a-9e50-f567edc2d7af,0,757220,1,7481,257
513,7e90002f-fca3-4cc5-95a7-2eabf7f251eb,0,512508,6,6746,4484
514,7e92cf48-e9cf-4c0a-8bed-8d1663aa2fb3,1,699441,3,6368,5712
515,7e9a71fe-53a7-486d-a80e-27c56b305c37,0,720409,7,3049,4694
516,7f03938a-7536-4ba1-be9d-0b35e660fba7,0,214261,1,9455,1447
517,7f408f8c-f1b0-4a76-94c5-b40127a93f3d,0,971636,6,6048,3506
518,7f87f3f1-1abf-44ee-94c4-eb0d13653bdf,0,712186,1,7471,4831
519,7fbc2391-899a-42ce-9142-37b829462cc8,0,491509,6,5281,2460
520,800b6100-d080-45a3-a56a-2529a7498026,0,851612,8,2323,4348
521,801060da-5781-4e38-8c37-ec93f097a504,0,591919,8,2502,1359
522,8091c0d9-4d96-4356-a610-db5bb8effab1,0,955239,4,2028,5753
523,809cb42e-c1d2-4d61-8d36-5e60e3bb9695,0,218330,7,2019,1669
524,80e974eb-ea88-4c23-b29b-a815fad2663b,0,689744,8,4468,5986
525,8108fa76-a8cb-4da7-9eaa-ed1914d689b3,0,994384,1,2617,1780
526,8122e001-06e9-498e-a569-d27f81e1562d,0,960540,5,1290,2257
527,8127d63e-50d4-4c32-8dbc-ef874cd1370e,0,716620,6,7244,6
528,8187d7d7-9444-47ce-b485-6fec26df05a0,0,237658,7,7118,6423
529,81ac2b86-5921-4d72-be7e-77ed66c6ac7f,0,811273,3,7882,1163
530,81b3986c-bc57-4720-8f95-17dd0ff56905,0,789435,1,7902,2086
531,81e0634f-c5ef-4bd4-afe8-efc0297ea950,1,527627,7,3587,5542
532,820962f9-232d-4d2f-b1a0-7fcdfbcd692d,0,207589,0,7769,2842
533,822360c4-ab08-4ce4-bb83-d2fad38cc173,1,350228,1,7659,3308
534,82a80399-a933-4dbd-984b-5d2079d03b99,0,244481,7,475,4915
535,82b80349-c3cf-4909-96f8-9eb8029634c2,0,124069,5,4211,1276
536,82c1e958-6384-47b8-9598-e92fa0346283,0,901332,7,1240,942
537,82f780ee-f21f-472e-9eff-0470255ce6cd,0,244820,8,5326,2913
538,82fbfd56-a6ed-4faa-a561-3c7142b30f7b,0,347135,7,2878,2257
539,83cb13b9-d81b-4410-a5db-8ee0b642fa1a,0,634626,4,4630,6372
540,84398493-2266-46d7-8361-eefe35542d64,1,397763,6,4556,3988
541,850dc172-facd-4f69-be2e-803a9b3f8850,0,308909,5,7251,592
542,8516ec31-9809-41d2-b8bc-c358146a9c93,0,332082,8,9709,6184
543,85411fd4-dbb2-4d0f-b880-9dffb372043f,1,648761,1,4950,3376
544,855a3dc5-dc9d-4774-b2bb-31ea368ae584,0,464250,4,1738,1853
545,85aaed61-7343-45ab-9059-21fdaae5f351,0,791648,4,1280,6688
546,85ad8d89-fd3f-4ef3-b6c2-484196c63cf4,0,280345,4,5218,3917
547,86097c10-7044-4774-baea-92e51514a416,0,499129,7,4509,5472
548,860a95ed-d9c3-4c52-b45b-d1600ef7511e,0,569650,8,8286,5656
549,863a182e-c7e3-440a-ab2d-cb44d62c5a62,0,13417,2,9788,5640
550,8649e7dd-8d43-4432-a310-bb057f0c26f1,0,713455,0,9333,414
551,86a52eb8-99da-4c36-8ea6-b52f399f22a1,0,114531,3,9025,3529
552,871927ba-9887-4ec4-8d75-643700ac3220,0,861509,7,3319,719
553,871bf040-aeb5-4884-a49d-0619aed29750,0,380934,5,3732,4053
554,874c7304-91b8-420d-ab9e-6818807e4435,0,665686,7,2036,774
555,87558b4a-c4f2-4165-9cfa-73fdf45fe1d8,0,-2275,6,7259,5549
556,87d43448-1591-467e-a978-c0925caa5fbf,1,867753,1,6740,4185
557,8883ecee-ba2e-4b13-90dc-bf5a66f8b892,0,384778,2,4500,269
558,88988207-3464-406e-a021-159fb44f95c8,0,368751,4,4456,4466
559,89188dd5-1de2-4399-a39b-01b33e19122b,0,972999,8,7178,2035
560,8961e653-5e37-4c02-9232-6d4f7514b541,0,916524,8,5687,1554
561,89768359-2594-4146-aa45-fafa3144edfb,0,536476,7,5663,283
562,8a407daf-bab8-4c1d-a4ae-52ea01964b10,0,1422,8,8303,3968
563,8a5c8a55-425f-4e59-bf50-13cb76dc79d1,0,206575,6,6704,107
564,8a71f7d6-51ef-4122-a4bd-a406f1c76704,1,898516,5,5802,5294
565,8a8a1720-6c5f-48c9-b649-f5244b7115ea,0,626823,2,1277,5437
566,8aac948d-9ba5-441f-ace7-1d24c28b647e,0,659363,0,1266,3717
567,8accdbb4-28f8-4657-9960-f963d3003aa7,0,529887,7,4998,1595
568,8bc0c12b-8950-45ee-b559-3660226af13f,0,785138,3,3836,102
569,8bff27e6-0738-4583-a1b8-77df6580c36b,1,483962,3,9376,1813
570,8c498912-eee4-4a56-9cf1-a58de869cc1e,0,119727,3,6403,990
571,8ca921c1-52fb-439a-9167-e20d5e6c9b5e,0,849527,8,805,2726
572,8d85e6b7-8940-478f-bbbf-3a45281b5b16,0,705686,5,3303,2704
573,8dd0b782-eb10-4845-b063-7d1d42dace0a,0,601971,2,3669,3864
574,8e4264a6-ca9d-4d43-999a-3a7b1004a2dc,1,720733,8,4099,3751
575,8e6fe5bf-e73a-4ebe-af93-b3856f50e6c4,1,706438,4,5313,6238
576,8f1071af-8da3-4815-8f35-82e80f5ea78f,0,113780,1,6570,163
577,8f4632f7-56da-40c4-8959-272ef3786a58,0,761771,7,1454,1790
578,8f656e8d-ea19-4ab0-86bb-f540b8de2e4a,0,42517,8,5452,4084
579,8f84556e-b789-4a07-9a85-71c40ca18fb4,1,384412,1,4139,4741
580,90218919-bc6f-4696-99cd-f24771270d75,0,257643,7,9696,3449
581,904a15fc-b3a5-45cc-bc12-0fc17f9db396,1,121795,8,9481,6258
582,90866f05-fe61-4633-b7e6-b336e1605834,0,822765,3,4938,4192
583,910c7762-e6f8-4538-b5e0-7f307133a355,1,612802,6,5376,361
584,91c9c1ff-6ebc-40e6-8d91-1871194570f0,0,28589,6,8310,6761
585,92097aae-f8be-4cd9-a590-ee0b50718927,0,233668,1,9946,5182
586,9220e932-48bb-44dc-9cd8-b2e9e1c6b4bf,1,475509,4,4330,3650
587,92326549-5627-4a78-933e-8164f34207a0,0,94722,3,450,2252
588,92fdd34e-89b4-42a5-b3a7-4c7667874e6c,0,784398,5,3401,4653
589,92fdec8d-3a43-4599-9b73-ac4cdc4745e6,0,343812,1,6199,1005
590,9346ba69-a72c-46a1-83e4-4cecbd85556f,0,825423,5,5470,5396
591,93577691-60dd-4e63-ad90-2c989a194861,1,502417,5,4232,5101
592,94087ac1-474d-49c3-97c5-3386547647dd,0,780033,0,2856,79
593,944c1a0e-4ea8-4255-9dd8-f32bbcf3e16a,1,434552,5,2010,2077
594,94647db7-f68c-45d4-9529-30afdb6c18c0,0,449239,4,6385,1669
595,949130fe-733a-4e1f-bf68-3fe5f401d15a,1,306033,4,8974,921
596,94e381f3-5c54-4156-a94b-de7e6b65f14b,0,425,1,1788,6141
597,94feb316-c300-4cdb-b0ab-6bd300747e49,0,438625,7,1966,5736
598,950413aa-7f2e-4977-86f8-531651356e1b,0,509863,0,809,3314
599,952de6dc-69a6-4a07-81e8-916771bbe8bc,0,467931,6,7291,5838
600,9537624a-b9bf-4b03-b61f-d10c23737b19,0,770333,1,984,5186
601,95e6b445-62e2-496a-b928-6f232eb917d8,1,781193,5,6224,4930
602,96ee84b3-0dbd-403a-a9e5-e2d97418d118,0,517058,3,392,6059
603,973b185c-a20d-43d9-98b5-89839147798f,0,515784,6,7519,1732
604,97cd5944-b2d7-48d0-804b-b8183bb45884,0,993261,3,552,2631
605,97dfac66-f0d9-496b-a87a-5f2bd916afc7,0,881267,7,7251,975
606,98146c85-d5e8-4ef7-8da1-259302422c9f,0,489962,7,7843,6494
607,981b28ae-7fe3-4dbb-855c-5ecc5031faf1,0,917422,2,5535,3430
608,98313e47-6c8a-414d-9a78-0733de160b87,0,701065,1,382,4609
609,9845eac5-a9e7-421d-a55e-654aff9e7e3f,0,605246,7,2358,5217
610,9882a8c4-11e4-41dd-affa-8e1eb702e40d,0,600020,2,4496,1092
611,98ee7ad0-82c8-4da6-b58a-ac3f3a004f97,1,263689,5,9284,568
612,99620068-99d7-4351-9b01-2b4c0af9299a,1,980300,6,2902,3323
613,998fce1d-8826-46ef-9c9f-9e4120d2d0a7,0,208658,7,4547,886
614,99923f5c-e2f7-4c37-9536-1514491f624d,0,280026,6,1476,2278
615,999643b3-88d5-4499-b419-627b1b7a0ae6,0,143824,8,5443,4280
616,99ba47f9-251e-42c4-a85a-914728c90f33,0,22758,5,5514,241
617,99ca5e84-5130-46b8-acfa-990fb6e00879,0,75552,6,8677,912
618,99ebdcb0-95b2-4a45-8e68-368d8bdd0bb2,0,58263,7,6497,2420
619,9a6b1437-6a0d-4b74-b408-1a8ad2ca3b09,1,794435,6,6413,3811
620,9a700a4c-a581-4690-a07e-58404a809dd0,1,905500,8,2340,4911
621,9aa50e3b-1dcb-4464-9f61-8b6d003a2386,0,158762,4,9550,3140
622,9ab5b617-dbbd-4fd5-86d3-cb02b4c87b9f,1,327328,8,938,1484
623,9adadef2-f16c-48da-af74-1d796d44332c,0,145265,4,5323,67
624,9ae05dee-963d-4ffc-adcc-012239c42d7f,0,97681,0,1364,2354
625,9ae11d6f-1549-4090-886d-aca8e2676cdd,0,136786,4,5142,5683
626,9b2b9e9a-6fbf-413a-9294-18f83407fd10,0,771094,4,6982,5642
627,9ba336a0-0e2c-4be2-91bb-e1264ccf8b8d,0,847902,1,1962,4597
628,9bcc4edc-8672-448e-bdac-0c88131d3f01,0,287794,5,6776,5294
629,9c094078-3e30-45ae-a8b0-09684532d278,1,667181,5,9889,5082
630,9c2424be-65b8-4019-8027-85fc3048e060,0,970282,5,1097,3119
631,9c95934f-c04e-400d-856e-7bf4f75ab2b3,0,75265,1,155,577
632,9cc95113-08b4-4755-9514-0f7aa4255fd9,0,471062,2,5665,153
633,9d3a8314-9964-4267-991e-2001d283a952,0,299895,4,9560,3819
634,9d86f192-e4db-4e00-968a-d81c0054c6bd,0,163865,4,8169,2265
635,9dea30a5-53ec-4da2-abcd-e4090c773cd5,0,487669,6,7620,2451
636,9e2aa52d-792d-402e-80e1-37ea2273ece1,1,591195,8,9777,16
637,9e57c65c-2dc4-4ce2-8d2d-327bcb12efe2,0,394204,1,8809,5989
638,9f779d85-c1e2-48c6-b85b-4c5185f7df01,0,94970,3,2898,1684
639,a001c192-f409-40ac-874b-337c83020f78,1,883359,3,4736,3432
640,a05a8ce1-56ce-4e52-841a-702ae6ef5a8f,0,471757,8,4216,3086
641,a09e61eb-7f41-422e-9de9-fc353f850711,0,527716,3,6340,3742
642,a0d4052f-1a9d-401a-ab78-7024d97d6dd3,0,628342,5,8821,5913
643,a123c2be-9cde-40c7-b7fb-cdce3fd7bcb7,0,496836,5,6118,1164
644,a1da3be9-5274-4dbf-b5c4-b92faf0024b7,0,355308,0,9836,3651
645,a20189a2-4b9c-4086-92b2-590f3f879bf7,0,202713,3,4937,2249
646,a267d493-38c7-4220-b819-7ecd8bd4d5c6,0,297376,8,3881,5059
647,a291a0dc-4cdd-46a1-b826-dfa5db4a31fe,0,472152,4,7476,2545
648,a2b33527-55d6-4c7e-8dd6-1e5582e00e96,0,474235,1,3037,3208
649,a2f279f1-3899-4630-8438-15086b3b4274,1,936315,3,7535,1750
650,a3bac31a-0392-4d70-8746-262af01de87e,0,956141,1,8092,3849
651,a4286b76-0d8e-4c70-a52a-a4f125d5ee96,0,962150,5,768,741
652,a4938549-498d-4af5-98f4-8685f47878e9,0,861320,7,2265,4862
653,a49e4be0-56c9-46c4-8899-15457b46a8e0,0,765467,2,5305,3917
654,a4aa28e0-8fb6-4608-80fa-dffa93c4a84e,0,635393,4,9828,4319
655,a4efd51f-820a-4e07-a4a0-e9bb59f83327,0,857364,8,917,71
656,a5014585-5f70-400d-ac46-f9a32e3daf04,1,265542,7,7039,3263
657,a50c2d68-9d10-4c41-b97d-8806a8006f62,0,559174,4,1197,385
658,a5d02515-acc8-473a-b472-eca4a89f60e0,0,32188,6,6541,5170
659,a668a70e-e4b8-42bd-a8e1-e9a2b1e24b68,0,90105,8,2209,1066
660,a703af62-e8f4-4b37-b0d4-4bd29bddb39f,1,129861,2,854,3763
661,a70a24b9-80b3-460f-9575-8e95941016bf,0,880653,0,1433,2853
662,a7969e78-fb33-4a91-84de-4e31d00a9c90,0,76341,4,8081,2243
663,a7a2f8dc-9e66-4935-a4c6-2ee008a1da3d,0,852926,5,1980,2195
664,a7b4eece-06d1-4195-a89b-c63a20dbfe07,0,103217,6,2139,1978
665,a84384fb-4bab-490f-b133-66c47ef8d593,0,857355,3,9881,2354
666,a87ab01b-a5a1-4a5a-a67f-5c92e5b24926,0,91306,0,1662,6634
667,a8aa84da-7956-4ead-ad86-d030b9fb13c1,1,584153,5,7851,6332
668,a8ccf291-d94f-4738-b943-66a50d0fdac2,0,994078,5,859,5672
669,a8edec27-663e-4b5a-93d1-37ed5abafc67,0,528872,4,6091,4656
670,a9f1b7b7-06d6-49a5-8b0e-f4497ab7aa62,1,215954,7,2840,1028
671,aa0e2749-6f91-4e6e-ac6c-05ede3633011,0,697824,2,8275,1981
672,aa3740b1-6566-4000-a7ba-c465cb7906e0,1,532656,4,853,392
673,aa38fb4a-bda0-4a22-a8f8-a57086db37ca,1,946813,3,5208,3806
674,ab114b43-4121-45c9-b157-beec115e3cd4,0,578263,8,5272,415
675,ab15c283-3b34-45d6-b183-944cb1e31bd9,1,819739,5,56,1457
676,ab18cb75-7107-4fc4-8d69-b3db2d489b9a,0,469560,6,519,1828
677,ab82b02e-17ec-4492-94d0-0d737d394956,0,559507,8,3289,6702
678,abdedeb1-06f4-4f5b-b7dd-672591cb981e,0,338221,7,5891,4424
679,ad2c25e4-4508-42e0-8b1d-d7e72fd52ba4,0,709873,0,385,5128
680,ad381aff-759b-4964-86c9-0d66855b8f13,0,149159,8,3655,3888
681,ad5cdfb1-17e1-4e42-84e4-95bf01c01988,1,295283,5,3932,1560
682,ad760608-5334-40d1-855a-c8900b3467df,0,622048,8,1890,3853
683,ad7b80ab-bd3f-4ffc-aeb9-2702e9b834d5,0,32852,8,4008,4863
684,adb2430d-6bf2-42f9-8fa7-47f83efba491,0,556299,4,985,4762
685,ae93209c-fc3d-40d1-9c4d-efd57392f1e6,1,509895,7,5289,961
686,afba9fb6-fc11-4811-a6b6-bc9e8637572c,0,322469,2,8737,5504
687,aff3e836-7494-4337-ab69-56b0c1db9e50,0,409063,3,3650,3833
688,b000ba8d-e7b5-4a78-98eb-255c371ac015,1,750453,6,9835,6215
689,b0038f3f-d387-41e9-bd81-7addb29a7da2,1,215684,3,6375,1773
690,b0449f5b-e65f-4884-b3e8-1628a2982028,0,416724,1,3804,5421
691,b0455250-4656-439f-aca2-34b622bbb824,0,426470,3,40,5652
692,b12591a4-bcfa-474f-8bd2-ed5f8370127c,0,832641,5,3532,1465
693,b125ae36-32f6-498d-844e-a1278dbab66d,0,518878,6,9356,2574
694,b12bd591-b6b1-42de-a0a9-84e62228f8c7,0,211598,1,3903,3353
695,b13a960d-c1e8-4ec9-88ba-8f113f663717,0,878579,6,8905,1781
696,b16f204c-dc02-4b0b-b4bb-b9754a18e886,0,993685,1,1408,774
697,b1772e92-f68d-497a-be83-3a9fe4477fb4,0,203101,2,8017,1039
698,b194000b-af0b-41f5-97e0-3013ac8e0d9b,0,922147,1,7820,5394
699,b2287d6c-055a-4cb7-b9eb-16a24e572ba3,0,267778,8,9004,2845
700,b238dd98-88c6-4479-885d-3424f92522a2,1,820169,6,5145,6551
701,b2ad8312-41f9-474b-94fb-65147551b92c,0,531650,1,2729,1371
702,b3beff8f-b3d4-4c7a-9ff7-e3b32e20caf0,0,543270,3,4839,6518
703,b411720d-4c41-40f9-b0b0-53ad1abf6584,0,118114,7,5656,926
704,b412face-7f39-49fd-ba95-997601ac7606,0,427520,8,6853,3527
705,b424fc25-0497-4ac1-ba1a-33597e541c8e,1,599270,1,5002,4459
706,b4263f4a-46de-419d-afb3-27a684025ddd,1,927248,3,1554,4807
707,b52cd94b-6d9a-4166-a2e0-0a46e4d16660,0,200094,6,7991,2711
708,b54c30c3-7405-4127-b7f4-307282756545,0,914313,0,9612,797
709,b57c8365-c116-4214-8331-134d260c9c28,0,155382,7,2155,767
710,b58446d5-4ca6-4bc7-b5db-60c9dd4d6579,1,947286,2,1217,4074
711,b5a555ce-a158-4a20-8150-ed1d41257b57,0,721528,8,2720,1260
712,b5dd23e5-8fce-4308-86c8-cb9958f25947,0,939817,2,5653,929
713,b622c915-77e7-4526-85bc-57df82a9a2a9,0,68932,6,8056,2408
714,b62edd63-76ed-45bb-8acd-7c377339ff93,0,283961,4,8803,2031
715,b6772d52-a461-4343-9259-ab404c67bf93,0,902619,4,1070,4113
716,b68f590a-6191-40c8-96f0-f0261688d54c,0,452418,5,5539,3500
717,b6ac0231-599e-4f19-a294-b1eb4c325ba8,0,865899,5,3921,2264
718,b6ea10cd-0191-4374-a260-c8ea5711e25f,0,145709,1,3613,4458
719,b7827d0c-058c-45e5-aafa-ef3df318918d,1,821331,1,3764,3508
720,b783252b-b5fa-433b-9f5e-534be59675a1,0,966140,6,4916,6615
721,b7dc6d59-6fcc-497f-aa2b-44fcffc34a39,1,273562,5,4878,6501
722,b811b7ab-af5b-452c-af6b-a42ca0815a80,1,470463,0,5563,2930
723,b8179e2e-0fb7-432c-afec-62c01e4d7878,0,797981,3,3724,3553
724,b848b273-ee8c-4329-806a-3e8aa153b035,0,216705,7,3439,4665
725,b8abdc4f-84f0-44d5-82e9-380c43a9045f,1,847374,5,7933,1263
726,b8addbe7-c97e-466e-80f5-2e5762b73567,0,373966,2,8227,2781
727,b92b6a15-892f-420a-a224-deb97f874f52,0,876888,5,5042,1517
728,b943c47b-7db8-4946-94ca-809d40b05d34,0,300614,7,1578,1711
729,b956d8e9-48eb-4630-ad14-96f1aae283bd,0,396755,0,5793,2725
730,b95df859-1ad1-4687-8901-2fdd33eee80b,1,785915,6,4104,5454
731,b99bd0d5-939b-4321-b0d7-eed3086513a8,0,445731,8,524,3825
732,b9d2d4d5-75da-4aa9-8568-bae6b7af1ebf,0,472481,4,8680,4022
733,ba2932b2-23dd-4562-97cb-903a2688024a,0,26891,3,9581,287
734,ba41bab4-8fac-41e0-8c3c-260d6efd77b1,0,987317,8,573,5889
735,ba441694-8117-404a-9f6c-817ca1122715,0,777076,0,5028,257
736,ba6e834a-7173-4864-9ba1-d8b337a570a1,0,526205,8,7049,5090
737,ba86066e-09fa-45c2-9bff-f38ff74a91c8,0,490950,6,7189,2334
738,bafd4b8d-22eb-4404-8d60-5093dc11eb1a,1,832237,6,3142,4748
739,bb2c8a19-b6f9-4b9b-8e47-0d445abdec3a,0,248152,3,4178,393
740,bb306c9d-8a3e-479c-bf78-994f7a020ec7,0,680065,4,1549,47
741,bbc372f6-b53e-46cb-87a1-ae3c9bb37ce6,0,770753,7,7882,5679
742,bbd45d90-c7a8-49ea-81a5-d5ce915ffe1b,0,992791,5,6567,3818
743,bbf98720-2681-48c7-a1c2-2a66e93d103f,1,344254,2,1158,5666
744,bc0b824b-e19b-4845-8b39-8eda2c54a6a3,0,893655,7,5424,4722
745,bc9fa845-fc82-4c0b-b739-4f2dfa512dc0,1,93694,2,1046,6366
746,bcd6ba1c-0976-4fee-a19f-629462655b82,0,524476,6,2630,163
747,bcf0e8bf-c003-4428-be22-c4b9cf542ecf,0,560876,0,4648,5070
748,bd337004-4809-4595-b138-e2a6c776d648,0,967740,1,9342,2852
749,bd4cbb1a-1a0b-40b4-bccf-54eab4a2e80f,0,148147,8,496,2350
750,bd9fd80a-1c8e-445e-8e25-0b7e0660febe,0,694702,0,192,2493
751,bdcfc2d3-5157-4d4b-b0af-7cc425fd8e72,0,596802,5,6754,2763
752,be61371a-e46a-4813-8467-c78c099a3a86,0,584778,4,6834,6510
753,bea2817b-3c04-4e3d-ae83-f55219ca7e15,1,134595,3,2191,4698
754,bf3b4237-5efd-47aa-b9b3-e7c571537107,0,327435,5,1841,55
755,bfb9f944-fcd1-42e4-83fb-f9f708888000,0,671846,5,5575,160
756,bfc19b95-18e3-44bf-a727-8a5e6ca4f8f3,0,855869,3,8625,4530
757,bfdaa12c-5c27-419f-a7b9-3333358f4c9a,0,218453,1,199,1519
758,bfdf7197-7c3c-4c87-817d-71a92ed74922,0,759898,4,5417,700
759,c000188e-51f6-4198-a303-5b269fc8c633,0,436510,0,2478,6205
760,c053d43f-2c3f-4853-8185-50ff2a553b7a,0,581965,5,2331,4121
761,c0dd5e67-6e16-449e-b3e7-474e0e3d13cc,1,272152,8,450,221
762,c0e4b289-c864-4cd8-ad6b-1289ff7deb28,0,534345,4,6969,2043
763,c140f450-a62c-45e0-aea0-37b4214a83d2,0,116015,5,1483,2722
764,c2044a53-bcf5-4f48-8b27-efb24fcb4f11,1,760560,7,1884,1635
765,c228f2a7-e58c-45cf-8795-89effe30fbbc,0,241246,0,2450,5155
766,c2bb9797-b4a2-40ec-8e71-8797a5ebf0fd,0,824128,3,9854,3435
767,c2d6d51c-c4e6-4fe2-9d59-02a317046c38,0,339138,6,3267,6470
768,c2f26efc-c16c-4553-8143-05030b2cf3cc,0,947691,4,6460,3307
769,c3914e7d-f6db-488e-be22-8799f8b5ed54,0,608265,3,3546,2338
770,c3e35526-e18e-446d-bd45-f61aa22390f2,0,831152,1,5216,4340
771,c48fe713-2c2e-4e43-8704-1d9a42f4ebd5,1,255307,3,8520,3358
772,c4e4c61a-ed9f-4e33-bd2c-87cacdd75491,0,149180,6,2515,3627
773,c52a3bab-6a92-4ad6-8831-07ad9a6acb0d,1,944838,7,5713,1037
774,c556ecaf-cf63-44dc-b184-dab0c1ef95ef,0,192873,1,8245,3236
775,c572f0ca-0e2d-4815-a87d-eeaa4efa62d1,0,869491,4,5258,5070
776,c5b09f94-abac-49e2-9627-4e7d4c60675d,0,261051,1,5417,2633
777,c5b19ce2-3522-4ac2-843a-4f5a5cb83f73,0,579080,8,2072,3279
778,c5b2b845-e3cc-49b1-8eb7-6e986a5cfd0f,1,615175,3,207,6621
779,c5b70dde-29d0-4a3f-8565-bce1ab7f7a34,0,321749,3,7807,2985
780,c5dbfaa6-6032-47ec-a01a-61f759da815f,0,935015,0,1035,2983
781,c670cc09-d27c-4e1f-a641-9f04418dfee5,0,262345,5,6185,4070
782,c67ebe45-f641-4c6a-b6ea-9bbce5bf4d34,0,70833,0,2814,2581
783,c7c0f231-1cec-4808-86ae-85947ecfc844,0,830355,6,5259,2140
784,c7e0af24-4b69-4c32-add8-b01563fd4a7f,0,992259,0,9672,2144
785,c7e96c31-b070-4fe1-9477-0b2bbca42737,0,394286,5,7515,2313
786,c9a27b8d-574c-4ad3-9923-2517b7849f0c,0,415675,4,2450,844
787,ca1d4e5a-10a9-4d5c-ae15-34fe48db6d7e,0,116478,3,2250,6082
788,ca5d5276-dcb6-4cc1-a461-69cf88686689,0,844495,0,5567,1355
789,ca7c6303-c94b-4cdd-9472-0b4946252c7f,1,218126,8,1529,6451
790,ca840181-2c1c-41a8-bba8-bb9087c5ac08,1,813942,0,5917,1036
791,cb4228f2-4cf2-4a8d-8894-1278178a0319,1,36969,4,506,1197
792,cb49eaf1-58eb-4f63-8557-ca7bf7760fb9,0,418594,8,8462,5956
793,cb776d70-ed20-4ae9-90f4-f3d6f1fd4847,1,222185,6,2815,6443
794,cb82433f-b1f7-441e-9aff-5ed5cca02a77,0,32378,4,4772,4554
795,cb94d157-7e9b-4117-8b00-2fc427ac25a1,0,717886,8,8609,375
796,cc38ba46-2b59-4399-8af7-d817b5875a4d,0,638220,5,9789,6668
797,cc3952c9-3928-42dd-9018-b55acd6716a1,0,573985,2,172,5992
798,cc575403-d29d-4406-895b-0f434579b1fe,0,519150,5,4241,2641
799,cc5b0744-c936-44ea-8c4f-271edc85beb3,0,471585,6,1580,2943
800,cd12fc8c-27a4-4b3f-a371-d0e607bbec28,0,440212,7,815,6627
801,cd8e1bfe-397f-44ab-bfe2-d6640e6dbe98,0,666191,3,2689,6629
802,cd9875d4-394b-4003-a9f0-a3201bf3cbbc,1,146957,5,3801,2024
803,cdcd4c27-31c7-4ead-90e2-ccd0f920bb59,0,952263,7,4239,5866
804,ce092563-1e16-49ce-86df-556f47f91da1,0,724063,7,5632,3167
805,ce911d66-d12d-40ea-be28-f8b64dd75e9b,0,628491,8,4777,2411
806,cef4a066-83fc-4edd-bdd0-daf4ddec7882,0,571583,2,9205,4988
807,cf0e5901-2c6c-43fc-b2ea-a565df2765a4,0,538486,5,6725,3826
808,cf162700-ea00-4aff-8af2-bfa621cb237d,0,74433,4,7211,4845
809,cf31450a-ef29-4f81-aee2-188e63895e7d,0,1871,0,6586,1701
810,cf8e22bd-90ba-40dd-bc96-781efd460d6e,0,149273,3,7316,2023
811,cff4aeb5-7126-402f-aaa7-53edc2efd2cb,0,140938,6,277,2541
812,d01381cc-ca84-4ed9-8dd5-3ede9cd2b267,0,659481,1,6894,5574
813,d0873b37-bcd6-468b-b9f2-d345b9988903,1,293440,6,6200,2673
814,d0e93ed6-9f51-45c6-bb8c-838332a72fbb,1,721657,4,8962,2093
815,d18d1bef-1773-4f8a-9c41-c0d675d31b48,0,377104,1,7221,3051
816,d2038474-93e4-4752-a21a-d3f5c36c86a0,0,111678,1,1342,2630
817,d21d4ecc-95e0-4905-a181-f0900903ed5c,0,109849,1,1965,6295
818,d2b1ffdf-19f4-457b-866e-2d0250ee7b36,0,308621,5,9804,725
819,d3166baf-4f72-4b90-9f1a-903e18abb6e7,0,773002,7,2759,4836
820,d327af68-e29c-443f-a16e-6bfd8137b64e,1,784365,5,5444,2037
821,d364b2e7-ac53-4062-937a-a3a4156a5284,0,910367,6,7863,3830
822,d378329b-8337-4145-9717-2e6e6b569aa7,0,254972,6,7688,341
823,d3afc898-3096-4ed1-8014-36238ba8bfb0,0,553618,1,1432,3883
824,d3d01ad9-2647-421e-b6ac-2676ca77fb36,0,13078,1,3353,5910
825,d4776ed1-2cec-48e6-b499-42bd4c7ffcd3,1,269376,8,2957,4932
826,d4ec4d2a-7def-4902-9994-67955c16950d,1,608671,2,9735,2596
827,d52459af-0672-4798-b04b-46e1af49ad2f,0,752926,7,3108,101
828,d568c99a-6e3b-4b0a-af18-aa65f9deaa9c,0,583905,8,692,2718
829,d5defbc7-908e-41b2-bb49-341be428125d,0,72375,4,4117,3586
830,d5ebc9bf-02b1-4cb5-8a34-f865c2aca1f8,0,121716,6,2896,322
831,d60ec45d-e38c-48fc-9c0f-c5b73202ce7e,0,868887,3,4888,1989
832,d6225b36-cf2f-4461-8b60-22117a868d8b,0,293164,7,6425,3165
833,d674f1de-451a-4dd9-bd26-ba9c8863cf70,1,117498,7,2440,1050
834,d735e706-8995-4ed0-a4aa-0149d2148710,1,37046,7,824,4719
835,d7393063-b7b9-4906-a29f-265fe1ef4e15,0,203508,0,9472,3600
836,d745b93e-6ce6-4a7e-b68d-fdfbb64d7572,0,543292,0,2990,5829
837,d763c227-b38c-4634-b5d2-0e4f284ad160,0,270602,2,2319,4929
838,d7b13de5-0125-4cc8-a7ac-88608cf4ed5e,0,412208,3,9852,4130
839,d7d9da8a-50c1-4f41-b5ff-eabb2a97e05f,0,274048,4,2402,4869
840,d84caf9a-d2ed-4b2e-969b-1e5f2662c3ca,1,122399,7,2501,2872
841,d8589696-d20d-4e2a-8e92-7bf44ed6d491,0,967211,7,78,2677
842,d8694562-8a5e-4d76-840d-41311a6709de,0,741804,5,4697,5521
843,d8bdce16-ece2-4873-ad54-de5228e95675,0,331714,4,1465,9
844,d8bf4e13-e024-489a-ab78-803ed5ba3c38,0,524922,3,5647,478
845,d8e0d87f-2b92-4744-8599-c07b6693074d,0,227819,0,17,816
846,d8ef0b7a-be21-430b-992a-cf9ed5743ed3,0,66318,8,1907,4473
847,d98c5f0f-6fd5-4ab3-807f-0df80099917e,1,529097,4,1799,6352
848,d99cba24-4655-4165-87f6-2c51103ab92b,0,618753,7,466,1001
849,d9c06296-022b-4b00-a558-fbc825ac36c9,0,527667,0,357,4736
850,d9c9894b-4caa-490c-8bc8-36d3bbaca5e0,0,51003,4,584,981
851,d9e57f1e-78fb-44b5-980b-c3a0e800d063,0,740282,5,2124,3813
852,da28240a-164e-4e2f-ba1d-440b2e8af0e8,1,439699,1,6842,4206
853,da4af556-bfca-49f8-b820-8c3b4e4c4e21,0,860606,3,3494,3006
854,da916067-396f-4934-b4d0-4d2bfe744464,1,676247,2,9483,2483
855,dac828dc-921f-4aa4-845e-fa101a6c996d,0,176563,7,7108,5332
856,dadbf864-64ea-4e42-a75c-ef5486eaf3c3,0,447246,3,896,5146
857,daea4c0d-39a1-45dd-b3e5-1fa3f3e8f078,0,654920,0,9137,5649
858,daf0dc66-0e11-47a0-a363-35d07c2d7441,1,472373,4,5129,5341
859,db243078-0e0d-4f66-a8e2-aa4992aac81d,0,477356,8,5221,3969
860,db6427d4-8f71-4548-a2ba-637f4e3d3694,0,472022,7,4307,6552
861,dba95bd7-ba54-42fc-a9bb-2424d0958182,0,35237,3,4365,4490
862,dbfd7db6-ba73-48fe-beee-464ea219e56c,0,537991,0,2429,1181
863,dca0afb2-3d7c-4d00-9aef-aa60bbb45820,0,760179,7,3183,1723
864,dcd40a1c-f423-46db-bfea-2f1cd43b2be4,0,509688,8,4343,1916
865,dd1eaa4b-e617-4bce-8b3b-a2a3e7ab629e,0,608075,7,6865,809
866,dd9e9110-ef9e-4e20-9678-fb0f69d1d2c0,1,500422,2,9250,6590
867,dda2cbbb-e384-44a1-901b-d029c6f29f20,0,125057,1,3414,2448
868,ddc25524-6ef6-4a69-bd00-dd6ac33bfd83,0,879549,0,253,19
869,de6037ac-f02b-44b7-90b8-cad111ea6882,0,994136,2,5508,4476
870,de647a50-0d15-4657-b166-438ff36b1e70,0,618688,8,5550,4228
871,dece9a97-8f76-4358-b7c9-5889a2d9c41e,0,928245,0,5520,5853
872,ded6f761-43e0-4b38-bf3e-a4e042b67b1f,0,-4797,8,7453,4319
873,dee3a3bf-c35c-456c-9b83-8d775b444909,0,517810,2,904,3351
874,df955aa5-bd53-40b9-9f68-b6390f6f21bb,0,613469,1,5008,1653
875,df9fc63c-2c47-4ee0-b1c8-319c63dc3dd9,0,573246,4,6404,5089
876,dfa8b8cc-f736-43e4-80af-4f7bdfd59f18,0,285149,3,691,3487
877,dfcee29a-0e6d-4f38-9f97-8bb672fc40f1,0,905263,4,396,3189
878,e0c417d9-e723-4693-92a6-757b0a97e209,0,573413,4,942,6458
879,e0cbbb63-0b17-4d9d-908b-ea258cde3eca,1,675836,4,6860,2652
880,e0f2a85a-f8c2-42c3-9b08-fd98a35ea6ba,0,750122,1,2859,1331
881,e1a6c038-270c-451b-a359-eb3b0374e132,0,740484,2,8095,3114
882,e1b4b750-1c9d-4312-a99a-a26284ee7399,0,4614,3,2948,1540
883,e24fd6c3-7998-4eb9-9571-8ffcc26b3027,0,868868,7,9591,3988
884,e295e292-c5f2-4936-b8d8-078c6118c247,0,686927,2,9456,2005
885,e2d76fbd-37cb-4982-b3cb-8ad2448b724b,0,308361,4,3425,1889
886,e2e723e3-c74d-4eef-8f35-62ebb1890cd2,0,337086,0,5150,1149
887,e2e8b04f-3489-4546-a11d-0ac156b6d4d5,0,206873,5,9268,4106
888,e2fd0bb9-e63e-45b2-822d-5c61d141a2ba,0,850233,6,7560,5347
889,e30cdfcf-83d0-475e-b563-98c67efce377,0,39398,4,1223,4417
890,e32b2da3-ef97-4df7-b9bc-c571df36298c,1,978474,4,3656,6559
891,e37e1692-7030-4bb9-967d-ea06074b8639,0,357276,6,9439,6444
892,e385071d-507b-4474-8f02-d0867de0b9d2,0,808705,2,592,3041
893,e3b4c1b1-ac10-43c0-baff-63d46cea5a03,0,694508,4,5738,2578
894,e406ce15-ca27-435a-a4bf-1478059758d0,0,524650,6,7333,4566
895,e40f951e-ace2-46d8-8d05-de683cd398a0,0,574815,6,7430,2744
896,e437a3e7-7831-4293-8ea5-9d28537631cd,0,26185,6,7132,3475
897,e463b774-026e-4182-a6c4-14cdb58d663f,0,57673,0,1621,2503
898,e4715a27-bad7-4197-b035-84bec3bea3d1,0,351465,7,963,93
899,e4d8f20c-0f2f-4887-bfb2-e5e7a26dd2f7,1,526752,1,8734,4263
900,e5144bbf-ca7b-417e-bfcb-3bdc89bd1a7a,0,493123,8,2411,6207
901,e51b3123-7850-4d39-9a88-ab27f635e20e,0,841808,3,2792,6720
902,e5bdd48d-b853-47d9-84cc-706a43cbe57a,1,591752,1,7538,1488
903,e5d6e924-be98-4209-938e-3537ff21be63,1,136410,4,5783,440
904,e6512fa9-d432-4138-ba9a-a68fd1927071,0,971974,3,9227,6611
905,e662107a-cc8c-47f3-bbe8-596834d74c86,0,425784,5,8079,2993
906,e6c3d883-ea17-46b2-ba1d-ddae4db4c4be,0,254815,7,7040,4923
907,e7bf0999-764c-4685-9a1c-1cc973f76784,0,458578,1,2579,3181
908,e7ff10b0-3d0d-4fe1-b50c-89caf5dc6111,0,354600,7,3927,3145
909,e815fac2-44b7-40b8-b9cc-22963f99b05e,1,596649,8,9354,4562
910,e886da7a-c7dc-4841-9851-a16a45631d17,0,834009,4,7932,4285
911,e8beb6e0-6898-4eb8-8c05-b18a192b0940,0,495422,1,4822,4708
912,e8faddf1-1054-4034-bb3c-98f843799356,0,895092,5,226,1762
913,e902044c-f338-4579-8442-0dcd34aad037,1,405482,6,129,56
914,e90efead-76c8-4414-a43b-6b0b10c6a3b4,0,357560,3,8514,5672
915,e9393531-b6e7-4257-9c81-2963762db37d,0,529257,4,5556,198
916,e98553c3-9afe-4aab-ada5-85b49f30eaca,1,800229,7,1351,3359
917,e99463d4-2a5a-4479-a32b-89b60f2b244a,0,380015,5,6600,6517
918,e9fd93a1-670b-4731-ae11-8288d7dea21e,1,593262,6,5087,6169
919,ea28254d-5cbf-4803-bb29-26be23f1bd6c,1,66292,8,4229,1828
920,ea31508d-e6a9-4019-bc96-a5f53b3a3dc7,1,292281,5,2215,6296
921,ea4029c2-6c97-47e2-b282-4029c9587f99,0,940044,8,1051,4794
922,ea5161d3-d16d-4720-b393-a80c195ce16d,1,908611,1,8121,5778
923,ea61ee00-4a65-43df-8e77-4e8df81663b5,0,273125,4,239,3423
924,eaa8faea-738b-4b88-9fb6-b9a29a50fc88,0,708178,4,9112,5150
925,eaa984e9-a667-415e-96c6-b926fd625343,0,981829,4,2393,3799
926,eab82376-7cc5-46d3-b451-bbc04b9c9058,0,509853,8,9942,6386
927,eb29657d-495b-413b-97b2-11d1d3c12265,0,895790,7,2328,2459
928,eb39ccdf-537f-45b9-b190-f8dbd30c72fc,0,388250,4,5630,3847
929,eb863ef8-421f-406e-80bb-57e8d46c2a75,0,745035,7,3306,4046
930,eb881766-3a8b-4a73-9721-1a0be5ea5fb3,0,330610,7,9118,3975
931,eba9242a-0cf0-44fc-a28c-83028e94e4f4,0,586811,7,5379,6479
932,ebcd11cd-8f59-4f7c-9c5a-d8b3099eee04,0,172454,3,3673,2606
933,ec43d27c-27d6-4903-a76e-68de252e9b91,1,128591,3,7018,1050
934,ec6883a8-2553-448f-b13f-3679bed6dfd8,0,303135,2,6113,3746
935,ed3c9bf0-7fbe-4a8c-8705-618038deb150,0,898207,1,6378,700
936,ed7de801-46d1-453a-9cf3-660b5f10d7dd,0,539516,3,2887,3575
937,edce34bc-0bad-4fbf-963b-afb7d62d347c,0,596783,6,4350,6207
938,edcea9c3-b9db-4fd1-80c2-e6de7025150d,0,233718,6,9794,188
939,ee3fdf85-288f-40a0-8185-0979882a0e86,0,610298,1,9414,2459
940,ee526c4a-567e-4e3b-a7ec-93e2351366b9,0,176281,7,2577,5063
941,ee6964e9-597b-42e1-b754-1654d9a85396,0,15023,8,5106,2859
942,ef3f0ffd-f8bc-4dcc-a8a5-e62d41ec3069,0,586655,8,3232,6180
943,f019154b-78b3-4593-8389-628dbe437d47,1,615952,8,7524,279
944,f0992e0d-103d-473b-9e55-28fd49245b1d,0,766367,6,3721,5142
945,f09c2390-5108-42fb-b5e0-aba600b3bffa,0,681493,0,283,4757
946,f0a1044b-83fe-4dfe-a6a7-c22f90643466,1,173890,6,207,6580
947,f11f9f4c-bb61-49de-bdb5-ec926c3f042b,0,380959,1,9356,3297
948,f14a8ff2-3817-4526-a568-28e75864d1b8,0,414691,3,378,261
949,f1c22941-3821-4190-bf69-b4185060254c,0,617388,6,4056,2200
950,f26ff26a-cf37-4d12-933d-db1ba03ec2c5,0,-1633,4,2750,4338
951,f2804b11-1e1d-4c9e-97b8-ee6b62b44187,1,197578,1,7036,3902
952,f2a980b0-4ea9-4361-835b-163f09dcd40e,0,980199,4,9748,5897
953,f2df86a0-9d69-451a-be57-c1385db0919d,0,987351,1,8129,5507
954,f2edd005-db14-4f41-bb5b-e4a3ce481fd5,0,809241,0,9671,5279
955,f3348b30-1af0-4bca-8428-86825e236af1,0,883622,8,7913,214
956,f36bae57-bcd5-4f58-ac1f-fc0a729e5c92,0,915165,4,4026,1282
957,f374a33f-fa6c-415f-9dd1-8703643c2ad0,0,527571,5,7940,6294
958,f49e2c1b-7616-471e-a275-46d9d619132f,0,812085,4,7105,5627
959,f4aa5729-4b96-4bc5-a1d0-f785bc374e8a,0,125869,0,6648,2918
960,f4ad231a-8e20-4278-8797-4d9fbeb9fd0d,1,376452,1,2953,859
961,f4b009e9-c797-4a49-adb4-e4dc88a787a1,1,858580,2,1823,3682
962,f4bd9b1a-f910-4844-a534-3602aff1a0a3,0,91090,5,58,3998
963,f4d465f9-64af-46d1-9859-95cc7085d2d4,0,525171,1,9103,3370
964,f532ef03-7895-4d46-8876-197af2810e71,0,99666,7,522,4749
965,f5b57355-a8f0-428c-80c7-fea664f9135e,1,627122,6,7644,3138
966,f6188a41-97a1-4f8e-994e-c0e3dc6a7d36,1,667960,7,3629,5047
967,f62fed2c-88e7-4c89-abb3-bb97fc91717d,0,275559,1,4107,869
968,f6355e61-ad36-4780-b0b5-a5b39a52f70b,0,155856,5,9860,2627
969,f637d1de-3ca3-4130-84b8-0b0abf2669cc,1,454661,5,4851,2878
970,f6757c99-b134-4e26-ade6-2598ef3a3ac4,1,555613,7,6949,6192
971,f6a4eab5-693e-46a1-9f44-97cd6ab853fe,0,523986,0,3868,3853
972,f6f89bb8-9b00-4f92-a25c-58246e305f58,0,51237,5,9669,1132
973,f741d709-e3b9-4bdb-9a38-7a5469c30ccf,0,660755,7,9366,5048
974,f76fa74b-3096-4b23-a527-c41be56f138d,0,122312,8,3708,3620
975,f7748449-3042-40cd-aaf4-99a404798698,0,58918,5,8349,2139
976,f78a1f11-1359-402f-a184-0f3f6a201644,0,82364,7,8723,6572
977,f7df2221-3130-4a51-8be3-f00e16245571,1,225249,8,6126,6330
978,f8237781-fdac-4cb1-b995-085cd0a88db9,0,301918,2,3588,2233
979,f9158bb0-987d-4c1c-9686-20fa8bbd47ab,0,836139,6,2912,6363
980,f9ee9fa6-6246-4377-a631-90f696cffd44,0,43907,5,3360,5320
981,fa7aa1cd-4718-4fd2-8de6-82ed2e3290af,0,371366,3,3563,6246
982,faa5712f-fffe-4108-b4a7-adfb2e47476d,0,278665,7,6024,5905
983,fafd61d3-8ea7-4c5f-9729-9e578323dc40,0,98271,8,8649,2272
984,fb7d8095-c6c2-4168-9525-4974647ab55f,1,596312,2,8746,5934
985,fba022bb-953f-4716-a407-f8ed0033a19f,0,638213,7,8725,4636
986,fbed0ad9-d785-4fb9-80bc-3d3b9f790e73,0,571411,0,4965,3271
987,fc5785b5-2ee9-4e5a-8ee6-c6c04e0af3f7,0,642974,5,6169,4351
988,fc9ad9bc-e6b6-452e-8858-cfb0da514a02,0,533645,4,5776,925
989,fccfc31d-57db-4100-804c-5cf0c0b11274,0,688449,7,3919,1890
990,fd2a05f2-a7ea-4e61-b856-baca78d523c2,1,808606,2,5342,2666
991,fd2c1c21-1293-4a48-b3c0-3f82d1c5b0c0,0,548184,0,447,5662
992,fd8cd495-2626-453c-92f9-11adecab3e7d,0,764656,4,3242,5456
993,fea087d9-b15a-4717-91d2-58645ec51198,0,298375,8,9550,6074
994,fed3e2d4-4545-4922-918a-4dccb926783a,0,977005,8,378,3308
995,fef22469-9f89-4dff-83f5-60b891355cef,1,874921,3,7028,3220
996,ff628551-60d0-427c-8553-993443632639,1,580118,6,3123,3326
997,ff637bdf-bae7-4104-b717-a8b894211b81,1,624212,1,131,2550
998,ff7b9d0b-7cba-4e52-a244-b15e0dccf36e,1,351753,0,4898,3489
999,fff7ab41-6932-43c3-8eef-366386fe950e,0,569157,7,7167,2684
