;fecha;producto;precio;unidades;ciudad;categoria;importe
0;2024-01-01 00:00:00;D;193.1;2;Madrid;Moda;386.2
1;2024-01-01 01:00:00;A;99.66;3;Barcelona;Electrónica;298.98
2;2024-01-01 02:00:00;B;98.35;3;Valencia;Hogar;295.04999999999995
3;2024-01-01 03:00:00;C;181.02;6;Barcelona;Deporte;1086.1200000000001
4;2024-01-01 04:00:00;D;8.1;3;Valencia;Moda;24.299999999999997
5;2024-01-01 05:00:00;D;174.43;5;Barcelona;Moda;872.1500000000001
6;2024-01-01 06:00:00;D;30.17;0;Barcelona;Moda;0.0
7;2024-01-01 07:00:00;D;78.94;2;Sevilla;Moda;157.88
8;2024-01-01 08:00:00;A;100.25;2;Valencia;Electrónica;200.5
9;2024-01-01 09:00:00;B;97.93;1;Barcelona;Hogar;97.93
10;2024-01-01 10:00:00;C;12.68;2;Barcelona;Deporte;25.36
11;2024-01-01 11:00:00;D;66.84;1;Valencia;Moda;66.84
12;2024-01-01 12:00:00;A;74.57;2;Valencia;Electrónica;149.14
13;2024-01-01 13:00:00;B;191.45;3;Barcelona;Hogar;574.3499999999999
14;2024-01-01 14:00:00;C;183.81;1;Barcelona;Deporte;183.81
15;2024-01-01 15:00:00;C;118.95;0;Sevilla;Deporte;0.0
16;2024-01-01 16:00:00;C;187.01;4;Madrid;Deporte;748.04
17;2024-01-01 17:00:00;A;173.42;2;Valencia;Electrónica;346.84
18;2024-01-01 18:00:00;D;78.27;3;Barcelona;Moda;234.81
19;2024-01-01 19:00:00;C;27.81;6;Madrid;Deporte;166.85999999999999
20;2024-01-01 20:00:00;A;123.39;5;Barcelona;Electrónica;616.95
21;2024-01-01 21:00:00;A;67.99;3;Barcelona;Electrónica;203.96999999999997
22;2024-01-01 22:00:00;D;6.9;3;Barcelona;Moda;20.700000000000003
23;2024-01-01 23:00:00;D;196.33;4;Sevilla;Moda;785.32
24;2024-01-02 00:00:00;A;194.01;1;Valencia;Electrónica;194.01
25;2024-01-02 01:00:00;A;109.68;1;Barcelona;Electrónica;109.68
26;2024-01-02 02:00:00;D;125.55;5;Barcelona;Moda;627.75
27;2024-01-02 03:00:00;D;135.43;4;Barcelona;Moda;541.72
28;2024-01-02 04:00:00;C;185.68;1;Sevilla;Deporte;185.68
29;2024-01-02 05:00:00;C;96.16;1;Madrid;Deporte;96.16
30;2024-01-02 06:00:00;D;118.66;6;Sevilla;Moda;711.96
31;2024-01-02 07:00:00;A;49.18;3;Valencia;Electrónica;147.54
32;2024-01-02 08:00:00;A;52.27;2;Madrid;Electrónica;104.54
33;2024-01-02 09:00:00;D;106.81;4;Barcelona;Moda;427.24
34;2024-01-02 10:00:00;B;49.69;3;Barcelona;Hogar;149.07
35;2024-01-02 11:00:00;A;10.9;4;Madrid;Electrónica;43.6
36;2024-01-02 12:00:00;A;76.84;6;Valencia;Electrónica;461.04
37;2024-01-02 13:00:00;D;151.24;3;Barcelona;Moda;453.72
38;2024-01-02 14:00:00;B;59.03;2;Madrid;Hogar;118.06
39;2024-01-02 15:00:00;A;173.23;4;Barcelona;Electrónica;692.92
40;2024-01-02 16:00:00;D;141.99;4;Sevilla;Moda;567.96
41;2024-01-02 17:00:00;B;132.4;3;Valencia;Hogar;397.20000000000005
42;2024-01-02 18:00:00;A;179.03;2;Valencia;Electrónica;358.06
43;2024-01-02 19:00:00;C;19.39;6;Sevilla;Deporte;116.34
44;2024-01-02 20:00:00;A;39.86;5;Madrid;Electrónica;199.3
45;2024-01-02 21:00:00;B;182.31;0;Sevilla;Hogar;0.0
46;2024-01-02 22:00:00;C;181.87;3;Barcelona;Deporte;545.61
47;2024-01-02 23:00:00;C;20.26;0;Madrid;Deporte;0.0
48;2024-01-03 00:00:00;A;155.98;2;Valencia;Electrónica;311.96
49;2024-01-03 01:00:00;C;8.01;2;Sevilla;Deporte;16.02
50;2024-01-03 02:00:00;B;31.37;4;Sevilla;Hogar;125.48
51;2024-01-03 03:00:00;D;26.4;4;Sevilla;Moda;105.6
52;2024-01-03 04:00:00;D;62.33;4;Madrid;Moda;249.32
53;2024-01-03 05:00:00;D;80.71;4;Madrid;Moda;322.84
54;2024-01-03 06:00:00;A;182.62;5;Sevilla;Electrónica;913.1
55;2024-01-03 07:00:00;D;90.1;3;Madrid;Moda;270.29999999999995
56;2024-01-03 08:00:00;A;29.15;2;Valencia;Electrónica;58.3
57;2024-01-03 09:00:00;B;58.11;3;Valencia;Hogar;174.32999999999998
58;2024-01-03 10:00:00;A;6.24;3;Valencia;Electrónica;18.72
59;2024-01-03 11:00:00;A;10.47;2;Barcelona;Electrónica;20.94
60;2024-01-03 12:00:00;C;89.06;2;Barcelona;Deporte;178.12
61;2024-01-03 13:00:00;D;104.88;3;Sevilla;Moda;314.64
62;2024-01-03 14:00:00;B;53.74;3;Valencia;Hogar;161.22
63;2024-01-03 15:00:00;A;79.08;1;Valencia;Electrónica;79.08
64;2024-01-03 16:00:00;A;25.16;1;Madrid;Electrónica;25.16
65;2024-01-03 17:00:00;A;133.47;1;Barcelona;Electrónica;133.47
66;2024-01-03 18:00:00;D;81.56;1;Sevilla;Moda;81.56
67;2024-01-03 19:00:00;D;36.5;2;Valencia;Moda;73.0
68;2024-01-03 20:00:00;C;101.99;2;Madrid;Deporte;203.98
69;2024-01-03 21:00:00;B;45.63;2;Valencia;Hogar;91.26
70;2024-01-03 22:00:00;D;61.97;6;Sevilla;Moda;371.82
71;2024-01-03 23:00:00;A;29.21;4;Barcelona;Electrónica;116.84
72;2024-01-04 00:00:00;B;157.24;0;Madrid;Hogar;0.0
73;2024-01-04 01:00:00;D;59.47;2;Valencia;Moda;118.94
74;2024-01-04 02:00:00;D;191.36;6;Sevilla;Moda;1148.16
75;2024-01-04 03:00:00;A;84.06;4;Barcelona;Electrónica;336.24
76;2024-01-04 04:00:00;D;35.26;4;Madrid;Moda;141.04
77;2024-01-04 05:00:00;A;142.52;2;Barcelona;Electrónica;285.04
78;2024-01-04 06:00:00;B;148.04;0;Barcelona;Hogar;0.0
79;2024-01-04 07:00:00;A;176.86;2;Madrid;Electrónica;353.72
80;2024-01-04 08:00:00;D;30.64;7;Valencia;Moda;214.48000000000002
81;2024-01-04 09:00:00;B;159.03;4;Sevilla;Hogar;636.12
82;2024-01-04 10:00:00;D;172.65;2;Sevilla;Moda;345.3
83;2024-01-04 11:00:00;D;64.38;6;Valencia;Moda;386.28
84;2024-01-04 12:00:00;D;93.62;7;Barcelona;Moda;655.34
85;2024-01-04 13:00:00;B;125.83;6;Madrid;Hogar;754.98
86;2024-01-04 14:00:00;D;52.88;2;Valencia;Moda;105.76
87;2024-01-04 15:00:00;D;174.91;2;Madrid;Moda;349.82
88;2024-01-04 16:00:00;A;141.34;6;Madrid;Electrónica;848.04
89;2024-01-04 17:00:00;D;172.05;1;Sevilla;Moda;172.05
90;2024-01-04 18:00:00;B;92.73;5;Madrid;Hogar;463.65000000000003
91;2024-01-04 19:00:00;D;106.2;2;Madrid;Moda;212.4
92;2024-01-04 20:00:00;C;42.88;2;Madrid;Deporte;85.76
93;2024-01-04 21:00:00;B;66.23;4;Barcelona;Hogar;264.92
94;2024-01-04 22:00:00;B;147.25;6;Madrid;Hogar;883.5
95;2024-01-04 23:00:00;B;192.01;3;Barcelona;Hogar;576.03
96;2024-01-05 00:00:00;B;34.66;2;Valencia;Hogar;69.32
97;2024-01-05 01:00:00;B;14.88;5;Valencia;Hogar;74.4
98;2024-01-05 02:00:00;D;18.15;3;Madrid;Moda;54.449999999999996
99;2024-01-05 03:00:00;D;89.92;7;Barcelona;Moda;629.44
100;2024-01-05 04:00:00;C;159.57;3;Madrid;Deporte;478.71
101;2024-01-05 05:00:00;D;48.85;3;Madrid;Moda;146.55
102;2024-01-05 06:00:00;C;98.04;2;Barcelona;Deporte;196.08
103;2024-01-05 07:00:00;C;105.5;2;Valencia;Deporte;211.0
104;2024-01-05 08:00:00;B;168.35;3;Madrid;Hogar;505.04999999999995
105;2024-01-05 09:00:00;D;36.99;1;Sevilla;Moda;36.99
106;2024-01-05 10:00:00;D;7.87;2;Madrid;Moda;15.74
107;2024-01-05 11:00:00;D;103.8;2;Madrid;Moda;207.6
108;2024-01-05 12:00:00;C;74.27;1;Sevilla;Deporte;74.27
109;2024-01-05 13:00:00;D;61.97;3;Madrid;Moda;185.91
110;2024-01-05 14:00:00;A;155.59;2;Valencia;Electrónica;311.18
111;2024-01-05 15:00:00;A;138.28;1;Sevilla;Electrónica;138.28
112;2024-01-05 16:00:00;B;21.37;3;Valencia;Hogar;64.11
113;2024-01-05 17:00:00;D;111.88;3;Sevilla;Moda;335.64
114;2024-01-05 18:00:00;B;160.58;3;Valencia;Hogar;481.74
115;2024-01-05 19:00:00;B;182.39;2;Madrid;Hogar;364.78
116;2024-01-05 20:00:00;A;5.04;4;Sevilla;Electrónica;20.16
117;2024-01-05 21:00:00;D;162.47;3;Madrid;Moda;487.40999999999997
118;2024-01-05 22:00:00;C;13.43;4;Barcelona;Deporte;53.72
119;2024-01-05 23:00:00;C;138.01;1;Sevilla;Deporte;138.01
120;2024-01-06 00:00:00;A;121.61;0;Valencia;Electrónica;0.0
121;2024-01-06 01:00:00;A;190.64;2;Barcelona;Electrónica;381.28
122;2024-01-06 02:00:00;B;128.22;1;Barcelona;Hogar;128.22
123;2024-01-06 03:00:00;A;18.64;6;Valencia;Electrónica;111.84
124;2024-01-06 04:00:00;D;135.73;3;Madrid;Moda;407.18999999999994
125;2024-01-06 05:00:00;D;54.71;2;Sevilla;Moda;109.42
126;2024-01-06 06:00:00;D;167.23;3;Barcelona;Moda;501.68999999999994
127;2024-01-06 07:00:00;A;11.14;6;Sevilla;Electrónica;66.84
128;2024-01-06 08:00:00;A;68.21;2;Sevilla;Electrónica;136.42
129;2024-01-06 09:00:00;D;136.9;3;Sevilla;Moda;410.70000000000005
130;2024-01-06 10:00:00;A;35.35;5;Barcelona;Electrónica;176.75
131;2024-01-06 11:00:00;C;131.02;1;Valencia;Deporte;131.02
132;2024-01-06 12:00:00;C;140.96;4;Valencia;Deporte;563.84
133;2024-01-06 13:00:00;C;148.09;1;Madrid;Deporte;148.09
134;2024-01-06 14:00:00;D;175.69;5;Valencia;Moda;878.45
135;2024-01-06 15:00:00;D;85.57;4;Barcelona;Moda;342.28
136;2024-01-06 16:00:00;D;32.78;3;Valencia;Moda;98.34
137;2024-01-06 17:00:00;B;55.76;8;Sevilla;Hogar;446.08
138;2024-01-06 18:00:00;C;80.99;5;Valencia;Deporte;404.95
139;2024-01-06 19:00:00;D;15.64;3;Sevilla;Moda;46.92
140;2024-01-06 20:00:00;D;143.17;1;Valencia;Moda;143.17
141;2024-01-06 21:00:00;B;17.29;2;Barcelona;Hogar;34.58
142;2024-01-06 22:00:00;A;16.25;3;Sevilla;Electrónica;48.75
143;2024-01-06 23:00:00;A;186.84;2;Sevilla;Electrónica;373.68
144;2024-01-07 00:00:00;D;162.22;1;Valencia;Moda;162.22
145;2024-01-07 01:00:00;B;54.47;2;Valencia;Hogar;108.94
146;2024-01-07 02:00:00;A;71.63;5;Madrid;Electrónica;358.15
147;2024-01-07 03:00:00;C;166.05;6;Madrid;Deporte;996.3000000000001
148;2024-01-07 04:00:00;C;125.75;1;Madrid;Deporte;125.75
149;2024-01-07 05:00:00;B;56.66;2;Barcelona;Hogar;113.32
150;2024-01-07 06:00:00;C;92.56;3;Madrid;Deporte;277.68
151;2024-01-07 07:00:00;B;171.83;3;Sevilla;Hogar;515.49
152;2024-01-07 08:00:00;A;5.13;2;Barcelona;Electrónica;10.26
153;2024-01-07 09:00:00;D;198.52;2;Barcelona;Moda;397.04
154;2024-01-07 10:00:00;D;115.36;2;Sevilla;Moda;230.72
155;2024-01-07 11:00:00;B;40.49;3;Madrid;Hogar;121.47
156;2024-01-07 12:00:00;C;161.04;2;Madrid;Deporte;322.08
157;2024-01-07 13:00:00;D;19.86;3;Madrid;Moda;59.58
158;2024-01-07 14:00:00;B;84.95;8;Madrid;Hogar;679.6
159;2024-01-07 15:00:00;A;116.76;2;Barcelona;Electrónica;233.52
160;2024-01-07 16:00:00;A;53.2;4;Barcelona;Electrónica;212.8
161;2024-01-07 17:00:00;B;177.62;3;Sevilla;Hogar;532.86
162;2024-01-07 18:00:00;B;140.89;1;Barcelona;Hogar;140.89
163;2024-01-07 19:00:00;B;36.56;4;Sevilla;Hogar;146.24
164;2024-01-07 20:00:00;C;34.76;1;Sevilla;Deporte;34.76
165;2024-01-07 21:00:00;A;17.08;1;Valencia;Electrónica;17.08
166;2024-01-07 22:00:00;A;116.44;6;Valencia;Electrónica;698.64
167;2024-01-07 23:00:00;C;41.52;3;Sevilla;Deporte;124.56
168;2024-01-08 00:00:00;C;110.88;1;Barcelona;Deporte;110.88
169;2024-01-08 01:00:00;C;164.8;2;Valencia;Deporte;329.6
170;2024-01-08 02:00:00;A;176.44;4;Madrid;Electrónica;705.76
171;2024-01-08 03:00:00;C;27.69;2;Sevilla;Deporte;55.38
172;2024-01-08 04:00:00;A;69.79;3;Valencia;Electrónica;209.37
173;2024-01-08 05:00:00;C;86.39;2;Madrid;Deporte;172.78
174;2024-01-08 06:00:00;D;79.77;4;Valencia;Moda;319.08
175;2024-01-08 07:00:00;C;86.67;2;Valencia;Deporte;173.34
176;2024-01-08 08:00:00;C;94.7;5;Madrid;Deporte;473.5
177;2024-01-08 09:00:00;A;152.53;3;Madrid;Electrónica;457.59000000000003
178;2024-01-08 10:00:00;B;64.58;5;Barcelona;Hogar;322.9
179;2024-01-08 11:00:00;B;71.97;3;Valencia;Hogar;215.91
180;2024-01-08 12:00:00;C;81.1;1;Madrid;Deporte;81.1
181;2024-01-08 13:00:00;C;34.49;1;Barcelona;Deporte;34.49
182;2024-01-08 14:00:00;B;127.92;3;Barcelona;Hogar;383.76
183;2024-01-08 15:00:00;B;83.05;1;Madrid;Hogar;83.05
184;2024-01-08 16:00:00;D;183.65;2;Barcelona;Moda;367.3
185;2024-01-08 17:00:00;B;165.18;3;Madrid;Hogar;495.54
186;2024-01-08 18:00:00;C;49.89;3;Valencia;Deporte;149.67000000000002
187;2024-01-08 19:00:00;A;52.25;1;Barcelona;Electrónica;52.25
188;2024-01-08 20:00:00;B;157.54;1;Barcelona;Hogar;157.54
189;2024-01-08 21:00:00;A;114.18;3;Barcelona;Electrónica;342.54
190;2024-01-08 22:00:00;A;6.99;1;Madrid;Electrónica;6.99
191;2024-01-08 23:00:00;C;127.83;2;Valencia;Deporte;255.66
192;2024-01-09 00:00:00;D;82.01;1;Madrid;Moda;82.01
193;2024-01-09 01:00:00;B;158.12;3;Madrid;Hogar;474.36
194;2024-01-09 02:00:00;B;150.64;4;Madrid;Hogar;602.56
195;2024-01-09 03:00:00;D;184.85;1;Sevilla;Moda;184.85
196;2024-01-09 04:00:00;B;141.36;3;Barcelona;Hogar;424.08000000000004
197;2024-01-09 05:00:00;A;183.03;2;Valencia;Electrónica;366.06
198;2024-01-09 06:00:00;D;60.51;3;Barcelona;Moda;181.53
199;2024-01-09 07:00:00;A;71.05;5;Sevilla;Electrónica;355.25
200;2024-01-09 08:00:00;B;16.54;2;Valencia;Hogar;33.08
201;2024-01-09 09:00:00;D;174.05;2;Sevilla;Moda;348.1
202;2024-01-09 10:00:00;C;35.07;6;Valencia;Deporte;210.42000000000002
203;2024-01-09 11:00:00;A;112.51;2;Barcelona;Electrónica;225.02
204;2024-01-09 12:00:00;B;104.29;5;Valencia;Hogar;521.45
205;2024-01-09 13:00:00;B;163.72;1;Barcelona;Hogar;163.72
206;2024-01-09 14:00:00;B;80.66;0;Sevilla;Hogar;0.0
207;2024-01-09 15:00:00;C;32.82;3;Sevilla;Deporte;98.46000000000001
208;2024-01-09 16:00:00;D;79.7;5;Madrid;Moda;398.5
209;2024-01-09 17:00:00;A;14.37;4;Barcelona;Electrónica;57.48
210;2024-01-09 18:00:00;A;63.79;1;Barcelona;Electrónica;63.79
211;2024-01-09 19:00:00;D;127.85;0;Madrid;Moda;0.0
212;2024-01-09 20:00:00;D;16.14;4;Sevilla;Moda;64.56
213;2024-01-09 21:00:00;D;197.99;2;Barcelona;Moda;395.98
214;2024-01-09 22:00:00;B;109.56;2;Barcelona;Hogar;219.12
215;2024-01-09 23:00:00;A;63.51;5;Valencia;Electrónica;317.55
216;2024-01-10 00:00:00;A;167.59;0;Madrid;Electrónica;0.0
217;2024-01-10 01:00:00;B;31.81;4;Barcelona;Hogar;127.24
218;2024-01-10 02:00:00;A;67.78;1;Madrid;Electrónica;67.78
219;2024-01-10 03:00:00;D;187.74;1;Sevilla;Moda;187.74
220;2024-01-10 04:00:00;B;51.79;1;Barcelona;Hogar;51.79
221;2024-01-10 05:00:00;C;147.91;3;Madrid;Deporte;443.73
222;2024-01-10 06:00:00;B;20.78;1;Sevilla;Hogar;20.78
223;2024-01-10 07:00:00;C;108.83;4;Barcelona;Deporte;435.32
224;2024-01-10 08:00:00;D;133.33;3;Madrid;Moda;399.99
225;2024-01-10 09:00:00;D;45.9;2;Barcelona;Moda;91.8
226;2024-01-10 10:00:00;D;68.89;2;Sevilla;Moda;137.78
227;2024-01-10 11:00:00;C;112.35;3;Sevilla;Deporte;337.04999999999995
228;2024-01-10 12:00:00;D;120.05;5;Valencia;Moda;600.25
229;2024-01-10 13:00:00;A;35.07;4;Madrid;Electrónica;140.28
230;2024-01-10 14:00:00;A;85.1;3;Valencia;Electrónica;255.29999999999998
231;2024-01-10 15:00:00;B;199.95;4;Madrid;Hogar;799.8
232;2024-01-10 16:00:00;D;67.87;2;Barcelona;Moda;135.74
233;2024-01-10 17:00:00;B;158.14;3;Valencia;Hogar;474.41999999999996
234;2024-01-10 18:00:00;A;44.31;5;Sevilla;Electrónica;221.55
235;2024-01-10 19:00:00;B;94.93;5;Sevilla;Hogar;474.65000000000003
236;2024-01-10 20:00:00;D;106.04;2;Barcelona;Moda;212.08
237;2024-01-10 21:00:00;D;121.22;3;Madrid;Moda;363.65999999999997
238;2024-01-10 22:00:00;B;144.94;3;Barcelona;Hogar;434.82
239;2024-01-10 23:00:00;B;160.2;2;Madrid;Hogar;320.4
240;2024-01-11 00:00:00;A;141.53;2;Valencia;Electrónica;283.06
241;2024-01-11 01:00:00;A;162.4;3;Sevilla;Electrónica;487.20000000000005
242;2024-01-11 02:00:00;D;177.76;2;Valencia;Moda;355.52
243;2024-01-11 03:00:00;C;68.59;3;Valencia;Deporte;205.77
244;2024-01-11 04:00:00;B;166.33;4;Sevilla;Hogar;665.32
245;2024-01-11 05:00:00;B;106.4;3;Sevilla;Hogar;319.20000000000005
246;2024-01-11 06:00:00;C;55.59;0;Valencia;Deporte;0.0
247;2024-01-11 07:00:00;A;38.75;2;Madrid;Electrónica;77.5
248;2024-01-11 08:00:00;C;154.07;3;Valencia;Deporte;462.21
249;2024-01-11 09:00:00;D;129.14;4;Barcelona;Moda;516.56
250;2024-01-11 10:00:00;A;18.79;1;Valencia;Electrónica;18.79
251;2024-01-11 11:00:00;D;119.55;4;Valencia;Moda;478.2
252;2024-01-11 12:00:00;C;13.69;3;Barcelona;Deporte;41.07
253;2024-01-11 13:00:00;C;81.29;3;Sevilla;Deporte;243.87
254;2024-01-11 14:00:00;B;116.38;4;Valencia;Hogar;465.52
255;2024-01-11 15:00:00;B;131.79;0;Madrid;Hogar;0.0
256;2024-01-11 16:00:00;B;35.78;2;Madrid;Hogar;71.56
257;2024-01-11 17:00:00;B;13.74;0;Madrid;Hogar;0.0
258;2024-01-11 18:00:00;D;117.32;4;Madrid;Moda;469.28
259;2024-01-11 19:00:00;B;164.66;2;Barcelona;Hogar;329.32
260;2024-01-11 20:00:00;D;160.34;4;Madrid;Moda;641.36
261;2024-01-11 21:00:00;C;75.13;3;Valencia;Deporte;225.39
262;2024-01-11 22:00:00;A;117.51;6;Madrid;Electrónica;705.0600000000001
263;2024-01-11 23:00:00;A;145.15;5;Madrid;Electrónica;725.75
264;2024-01-12 00:00:00;B;175.27;2;Sevilla;Hogar;350.54
265;2024-01-12 01:00:00;B;100.87;2;Barcelona;Hogar;201.74
266;2024-01-12 02:00:00;C;175.72;2;Barcelona;Deporte;351.44
267;2024-01-12 03:00:00;B;66.96;5;Valencia;Hogar;334.79999999999995
268;2024-01-12 04:00:00;B;47.75;2;Madrid;Hogar;95.5
269;2024-01-12 05:00:00;D;62.35;2;Barcelona;Moda;124.7
270;2024-01-12 06:00:00;D;147.3;5;Barcelona;Moda;736.5
271;2024-01-12 07:00:00;C;177.6;1;Barcelona;Deporte;177.6
272;2024-01-12 08:00:00;A;96.88;3;Sevilla;Electrónica;290.64
273;2024-01-12 09:00:00;B;140.7;3;Sevilla;Hogar;422.09999999999997
274;2024-01-12 10:00:00;C;32.07;4;Valencia;Deporte;128.28
275;2024-01-12 11:00:00;C;103.95;1;Valencia;Deporte;103.95
276;2024-01-12 12:00:00;C;89.79;3;Madrid;Deporte;269.37
277;2024-01-12 13:00:00;A;89.16;2;Barcelona;Electrónica;178.32
278;2024-01-12 14:00:00;C;41.67;5;Sevilla;Deporte;208.35000000000002
279;2024-01-12 15:00:00;D;126.44;2;Sevilla;Moda;252.88
280;2024-01-12 16:00:00;A;136.05;3;Sevilla;Electrónica;408.15000000000003
281;2024-01-12 17:00:00;A;129.08;9;Sevilla;Electrónica;1161.72
282;2024-01-12 18:00:00;D;149.84;1;Sevilla;Moda;149.84
283;2024-01-12 19:00:00;B;94.35;1;Barcelona;Hogar;94.35
284;2024-01-12 20:00:00;A;171.26;4;Valencia;Electrónica;685.04
285;2024-01-12 21:00:00;B;116.39;3;Sevilla;Hogar;349.17
286;2024-01-12 22:00:00;A;176.95;3;Sevilla;Electrónica;530.8499999999999
287;2024-01-12 23:00:00;C;84.98;1;Valencia;Deporte;84.98
288;2024-01-13 00:00:00;D;141.53;2;Madrid;Moda;283.06
289;2024-01-13 01:00:00;C;43.38;1;Madrid;Deporte;43.38
290;2024-01-13 02:00:00;C;21.2;8;Barcelona;Deporte;169.6
291;2024-01-13 03:00:00;A;186.64;0;Barcelona;Electrónica;0.0
292;2024-01-13 04:00:00;D;77.31;3;Sevilla;Moda;231.93
293;2024-01-13 05:00:00;B;13.91;4;Sevilla;Hogar;55.64
294;2024-01-13 06:00:00;D;125.6;6;Barcelona;Moda;753.5999999999999
295;2024-01-13 07:00:00;A;186.99;1;Valencia;Electrónica;186.99
296;2024-01-13 08:00:00;C;154.96;4;Valencia;Deporte;619.84
297;2024-01-13 09:00:00;D;197.51;5;Barcelona;Moda;987.55
298;2024-01-13 10:00:00;A;187.35;3;Valencia;Electrónica;562.05
299;2024-01-13 11:00:00;A;93.83;3;Valencia;Electrónica;281.49
300;2024-01-13 12:00:00;A;50.61;2;Madrid;Electrónica;101.22
301;2024-01-13 13:00:00;A;17.72;4;Madrid;Electrónica;70.88
302;2024-01-13 14:00:00;B;58.06;4;Barcelona;Hogar;232.24
303;2024-01-13 15:00:00;C;128.27;8;Madrid;Deporte;1026.16
304;2024-01-13 16:00:00;A;182.62;9;Madrid;Electrónica;1643.58
305;2024-01-13 17:00:00;C;5.33;1;Sevilla;Deporte;5.33
306;2024-01-13 18:00:00;A;164.41;3;Madrid;Electrónica;493.23
307;2024-01-13 19:00:00;D;154.07;6;Sevilla;Moda;924.42
308;2024-01-13 20:00:00;D;139.74;4;Sevilla;Moda;558.96
309;2024-01-13 21:00:00;B;29.94;0;Sevilla;Hogar;0.0
310;2024-01-13 22:00:00;B;15.38;3;Sevilla;Hogar;46.14
311;2024-01-13 23:00:00;A;148.67;4;Sevilla;Electrónica;594.68
312;2024-01-14 00:00:00;B;130.07;2;Valencia;Hogar;260.14
313;2024-01-14 01:00:00;D;77.13;5;Valencia;Moda;385.65
314;2024-01-14 02:00:00;C;72.37;4;Valencia;Deporte;289.48
315;2024-01-14 03:00:00;A;11.37;2;Barcelona;Electrónica;22.74
316;2024-01-14 04:00:00;A;198.72;3;Valencia;Electrónica;596.16
317;2024-01-14 05:00:00;A;168.15;3;Barcelona;Electrónica;504.45000000000005
318;2024-01-14 06:00:00;B;194.97;5;Sevilla;Hogar;974.85
319;2024-01-14 07:00:00;A;164.52;6;Valencia;Electrónica;987.1200000000001
320;2024-01-14 08:00:00;D;94.48;5;Barcelona;Moda;472.40000000000003
321;2024-01-14 09:00:00;B;169.81;2;Madrid;Hogar;339.62
322;2024-01-14 10:00:00;B;43.68;4;Madrid;Hogar;174.72
323;2024-01-14 11:00:00;B;136.13;4;Barcelona;Hogar;544.52
324;2024-01-14 12:00:00;C;51.26;3;Madrid;Deporte;153.78
325;2024-01-14 13:00:00;C;81.53;2;Madrid;Deporte;163.06
326;2024-01-14 14:00:00;A;174.98;2;Valencia;Electrónica;349.96
327;2024-01-14 15:00:00;A;87.87;2;Barcelona;Electrónica;175.74
328;2024-01-14 16:00:00;D;179.27;3;Sevilla;Moda;537.8100000000001
329;2024-01-14 17:00:00;D;121.91;4;Sevilla;Moda;487.64
330;2024-01-14 18:00:00;A;62.28;0;Valencia;Electrónica;0.0
331;2024-01-14 19:00:00;D;55.77;3;Barcelona;Moda;167.31
332;2024-01-14 20:00:00;C;5.66;7;Madrid;Deporte;39.620000000000005
333;2024-01-14 21:00:00;C;116.56;1;Valencia;Deporte;116.56
334;2024-01-14 22:00:00;A;168.52;6;Valencia;Electrónica;1011.1200000000001
335;2024-01-14 23:00:00;C;48.82;2;Valencia;Deporte;97.64
336;2024-01-15 00:00:00;D;98.45;2;Sevilla;Moda;196.9
337;2024-01-15 01:00:00;C;196.86;3;Barcelona;Deporte;590.58
338;2024-01-15 02:00:00;C;81.71;1;Valencia;Deporte;81.71
339;2024-01-15 03:00:00;B;188.0;3;Valencia;Hogar;564.0
340;2024-01-15 04:00:00;D;166.19;3;Valencia;Moda;498.57
341;2024-01-15 05:00:00;B;101.45;4;Sevilla;Hogar;405.8
342;2024-01-15 06:00:00;B;128.9;7;Madrid;Hogar;902.3000000000001
343;2024-01-15 07:00:00;A;17.79;3;Sevilla;Electrónica;53.37
344;2024-01-15 08:00:00;D;105.7;6;Barcelona;Moda;634.2
345;2024-01-15 09:00:00;D;153.19;3;Valencia;Moda;459.57
346;2024-01-15 10:00:00;B;49.92;0;Valencia;Hogar;0.0
347;2024-01-15 11:00:00;C;15.04;2;Barcelona;Deporte;30.08
348;2024-01-15 12:00:00;A;10.73;1;Madrid;Electrónica;10.73
349;2024-01-15 13:00:00;B;36.26;3;Valencia;Hogar;108.78
350;2024-01-15 14:00:00;D;51.36;2;Madrid;Moda;102.72
351;2024-01-15 15:00:00;D;162.05;3;Sevilla;Moda;486.15000000000003
352;2024-01-15 16:00:00;A;94.53;4;Valencia;Electrónica;378.12
353;2024-01-15 17:00:00;C;109.43;3;Sevilla;Deporte;328.29
354;2024-01-15 18:00:00;D;66.05;5;Valencia;Moda;330.25
355;2024-01-15 19:00:00;B;63.27;3;Valencia;Hogar;189.81
356;2024-01-15 20:00:00;D;112.93;1;Madrid;Moda;112.93
357;2024-01-15 21:00:00;B;150.43;3;Valencia;Hogar;451.29
358;2024-01-15 22:00:00;B;40.23;2;Valencia;Hogar;80.46
359;2024-01-15 23:00:00;C;89.76;4;Sevilla;Deporte;359.04
360;2024-01-16 00:00:00;C;130.6;2;Barcelona;Deporte;261.2
361;2024-01-16 01:00:00;A;192.22;1;Madrid;Electrónica;192.22
362;2024-01-16 02:00:00;D;57.53;4;Barcelona;Moda;230.12
363;2024-01-16 03:00:00;A;81.61;4;Sevilla;Electrónica;326.44
364;2024-01-16 04:00:00;A;116.01;4;Madrid;Electrónica;464.04
365;2024-01-16 05:00:00;B;32.67;2;Barcelona;Hogar;65.34
366;2024-01-16 06:00:00;C;124.26;5;Madrid;Deporte;621.3000000000001
367;2024-01-16 07:00:00;C;195.02;3;Sevilla;Deporte;585.0600000000001
368;2024-01-16 08:00:00;A;58.32;4;Sevilla;Electrónica;233.28
369;2024-01-16 09:00:00;A;98.71;3;Valencia;Electrónica;296.13
370;2024-01-16 10:00:00;D;27.94;1;Valencia;Moda;27.94
371;2024-01-16 11:00:00;B;106.02;4;Sevilla;Hogar;424.08
372;2024-01-16 12:00:00;A;194.46;0;Madrid;Electrónica;0.0
373;2024-01-16 13:00:00;A;110.76;4;Madrid;Electrónica;443.04
374;2024-01-16 14:00:00;C;46.63;4;Barcelona;Deporte;186.52
375;2024-01-16 15:00:00;B;65.6;0;Sevilla;Hogar;0.0
376;2024-01-16 16:00:00;D;127.15;3;Barcelona;Moda;381.45000000000005
377;2024-01-16 17:00:00;C;172.12;3;Valencia;Deporte;516.36
378;2024-01-16 18:00:00;A;93.42;5;Sevilla;Electrónica;467.1
379;2024-01-16 19:00:00;B;100.57;5;Valencia;Hogar;502.84999999999997
380;2024-01-16 20:00:00;C;162.82;5;Valencia;Deporte;814.0999999999999
381;2024-01-16 21:00:00;A;25.53;3;Barcelona;Electrónica;76.59
382;2024-01-16 22:00:00;A;190.49;1;Madrid;Electrónica;190.49
383;2024-01-16 23:00:00;A;95.63;4;Valencia;Electrónica;382.52
384;2024-01-17 00:00:00;D;69.67;4;Valencia;Moda;278.68
385;2024-01-17 01:00:00;A;156.82;2;Barcelona;Electrónica;313.64
386;2024-01-17 02:00:00;D;55.01;3;Barcelona;Moda;165.03
387;2024-01-17 03:00:00;B;33.56;2;Barcelona;Hogar;67.12
388;2024-01-17 04:00:00;C;55.33;4;Barcelona;Deporte;221.32
389;2024-01-17 05:00:00;A;136.14;4;Sevilla;Electrónica;544.56
390;2024-01-17 06:00:00;B;24.63;2;Valencia;Hogar;49.26
391;2024-01-17 07:00:00;C;93.01;6;Madrid;Deporte;558.0600000000001
392;2024-01-17 08:00:00;B;50.93;4;Valencia;Hogar;203.72
393;2024-01-17 09:00:00;C;111.41;3;Valencia;Deporte;334.23
394;2024-01-17 10:00:00;C;31.96;2;Madrid;Deporte;63.92
395;2024-01-17 11:00:00;B;155.92;3;Valencia;Hogar;467.76
396;2024-01-17 12:00:00;D;185.16;2;Barcelona;Moda;370.32
397;2024-01-17 13:00:00;D;67.28;7;Valencia;Moda;470.96000000000004
398;2024-01-17 14:00:00;B;74.12;6;Valencia;Hogar;444.72
399;2024-01-17 15:00:00;B;121.63;1;Barcelona;Hogar;121.63
400;2024-01-17 16:00:00;C;149.07;5;Madrid;Deporte;745.3499999999999
401;2024-01-17 17:00:00;D;16.36;4;Valencia;Moda;65.44
402;2024-01-17 18:00:00;B;136.58;2;Madrid;Hogar;273.16
403;2024-01-17 19:00:00;A;163.78;4;Valencia;Electrónica;655.12
404;2024-01-17 20:00:00;C;159.54;2;Barcelona;Deporte;319.08
405;2024-01-17 21:00:00;C;90.53;6;Valencia;Deporte;543.1800000000001
406;2024-01-17 22:00:00;C;165.44;4;Madrid;Deporte;661.76
407;2024-01-17 23:00:00;A;111.68;2;Valencia;Electrónica;223.36
408;2024-01-18 00:00:00;C;41.41;2;Sevilla;Deporte;82.82
409;2024-01-18 01:00:00;C;60.72;2;Madrid;Deporte;121.44
410;2024-01-18 02:00:00;B;120.58;4;Valencia;Hogar;482.32
411;2024-01-18 03:00:00;C;112.73;0;Barcelona;Deporte;0.0
412;2024-01-18 04:00:00;A;161.42;2;Madrid;Electrónica;322.84
413;2024-01-18 05:00:00;C;144.4;2;Barcelona;Deporte;288.8
414;2024-01-18 06:00:00;A;46.55;4;Madrid;Electrónica;186.2
415;2024-01-18 07:00:00;B;82.49;2;Barcelona;Hogar;164.98
416;2024-01-18 08:00:00;D;156.72;2;Madrid;Moda;313.44
417;2024-01-18 09:00:00;D;94.33;2;Valencia;Moda;188.66
418;2024-01-18 10:00:00;D;48.88;6;Valencia;Moda;293.28000000000003
419;2024-01-18 11:00:00;A;187.73;5;Sevilla;Electrónica;938.65
420;2024-01-18 12:00:00;C;92.57;3;Valencia;Deporte;277.71
421;2024-01-18 13:00:00;A;65.2;5;Valencia;Electrónica;326.0
422;2024-01-18 14:00:00;B;104.7;2;Madrid;Hogar;209.4
423;2024-01-18 15:00:00;A;63.68;2;Barcelona;Electrónica;127.36
424;2024-01-18 16:00:00;B;57.72;3;Madrid;Hogar;173.16
425;2024-01-18 17:00:00;B;134.0;4;Madrid;Hogar;536.0
426;2024-01-18 18:00:00;A;160.07;3;Sevilla;Electrónica;480.21
427;2024-01-18 19:00:00;D;84.72;3;Valencia;Moda;254.16
428;2024-01-18 20:00:00;D;36.38;1;Sevilla;Moda;36.38
429;2024-01-18 21:00:00;C;97.78;0;Barcelona;Deporte;0.0
430;2024-01-18 22:00:00;C;83.31;4;Madrid;Deporte;333.24
431;2024-01-18 23:00:00;C;89.96;4;Madrid;Deporte;359.84
432;2024-01-19 00:00:00;C;51.78;8;Sevilla;Deporte;414.24
433;2024-01-19 01:00:00;B;155.07;9;Valencia;Hogar;1395.6299999999999
434;2024-01-19 02:00:00;C;44.43;5;Barcelona;Deporte;222.15
435;2024-01-19 03:00:00;B;12.54;9;Barcelona;Hogar;112.85999999999999
436;2024-01-19 04:00:00;C;141.52;5;Sevilla;Deporte;707.6
437;2024-01-19 05:00:00;B;149.79;0;Sevilla;Hogar;0.0
438;2024-01-19 06:00:00;D;51.56;5;Barcelona;Moda;257.8
439;2024-01-19 07:00:00;D;38.81;0;Barcelona;Moda;0.0
440;2024-01-19 08:00:00;A;118.2;5;Sevilla;Electrónica;591.0
441;2024-01-19 09:00:00;A;184.33;5;Valencia;Electrónica;921.6500000000001
442;2024-01-19 10:00:00;D;54.53;3;Madrid;Moda;163.59
443;2024-01-19 11:00:00;B;110.3;2;Madrid;Hogar;220.6
444;2024-01-19 12:00:00;C;56.55;3;Barcelona;Deporte;169.64999999999998
445;2024-01-19 13:00:00;A;149.62;1;Barcelona;Electrónica;149.62
446;2024-01-19 14:00:00;A;96.08;1;Barcelona;Electrónica;96.08
447;2024-01-19 15:00:00;A;78.9;4;Barcelona;Electrónica;315.6
448;2024-01-19 16:00:00;B;132.95;3;Madrid;Hogar;398.84999999999997
449;2024-01-19 17:00:00;B;108.63;3;Madrid;Hogar;325.89
450;2024-01-19 18:00:00;C;44.22;1;Barcelona;Deporte;44.22
451;2024-01-19 19:00:00;D;86.16;4;Barcelona;Moda;344.64
452;2024-01-19 20:00:00;D;191.52;3;Sevilla;Moda;574.5600000000001
453;2024-01-19 21:00:00;D;161.22;3;Madrid;Moda;483.65999999999997
454;2024-01-19 22:00:00;A;104.86;1;Valencia;Electrónica;104.86
455;2024-01-19 23:00:00;A;133.79;0;Madrid;Electrónica;0.0
456;2024-01-20 00:00:00;B;32.76;2;Sevilla;Hogar;65.52
457;2024-01-20 01:00:00;D;85.57;1;Valencia;Moda;85.57
458;2024-01-20 02:00:00;B;179.49;3;Barcelona;Hogar;538.47
459;2024-01-20 03:00:00;D;41.68;1;Sevilla;Moda;41.68
460;2024-01-20 04:00:00;B;196.47;3;Sevilla;Hogar;589.41
461;2024-01-20 05:00:00;D;170.38;4;Valencia;Moda;681.52
462;2024-01-20 06:00:00;B;138.79;4;Sevilla;Hogar;555.16
463;2024-01-20 07:00:00;C;77.86;3;Sevilla;Deporte;233.57999999999998
464;2024-01-20 08:00:00;D;22.96;5;Madrid;Moda;114.80000000000001
465;2024-01-20 09:00:00;D;62.46;4;Madrid;Moda;249.84
466;2024-01-20 10:00:00;C;149.49;4;Valencia;Deporte;597.96
467;2024-01-20 11:00:00;B;87.22;5;Sevilla;Hogar;436.1
468;2024-01-20 12:00:00;C;161.56;2;Barcelona;Deporte;323.12
469;2024-01-20 13:00:00;D;47.08;5;Barcelona;Moda;235.39999999999998
470;2024-01-20 14:00:00;C;165.63;2;Sevilla;Deporte;331.26
471;2024-01-20 15:00:00;B;172.72;5;Madrid;Hogar;863.6
472;2024-01-20 16:00:00;B;145.83;1;Barcelona;Hogar;145.83
473;2024-01-20 17:00:00;A;44.78;4;Valencia;Electrónica;179.12
474;2024-01-20 18:00:00;A;48.46;2;Madrid;Electrónica;96.92
475;2024-01-20 19:00:00;D;17.54;3;Madrid;Moda;52.62
476;2024-01-20 20:00:00;C;15.0;4;Sevilla;Deporte;60.0
477;2024-01-20 21:00:00;C;149.12;4;Madrid;Deporte;596.48
478;2024-01-20 22:00:00;D;100.85;3;Valencia;Moda;302.54999999999995
479;2024-01-20 23:00:00;D;153.49;2;Sevilla;Moda;306.98
480;2024-01-21 00:00:00;B;60.14;3;Madrid;Hogar;180.42000000000002
481;2024-01-21 01:00:00;C;72.33;6;Valencia;Deporte;433.98
482;2024-01-21 02:00:00;D;179.47;1;Madrid;Moda;179.47
483;2024-01-21 03:00:00;A;199.49;3;Madrid;Electrónica;598.47
484;2024-01-21 04:00:00;A;24.84;4;Barcelona;Electrónica;99.36
485;2024-01-21 05:00:00;B;156.95;3;Sevilla;Hogar;470.84999999999997
486;2024-01-21 06:00:00;A;113.45;3;Valencia;Electrónica;340.35
487;2024-01-21 07:00:00;A;5.89;3;Barcelona;Electrónica;17.669999999999998
488;2024-01-21 08:00:00;B;125.23;5;Barcelona;Hogar;626.15
489;2024-01-21 09:00:00;C;59.59;5;Barcelona;Deporte;297.95000000000005
490;2024-01-21 10:00:00;D;73.36;1;Valencia;Moda;73.36
491;2024-01-21 11:00:00;A;194.01;4;Barcelona;Electrónica;776.04
492;2024-01-21 12:00:00;A;149.82;3;Valencia;Electrónica;449.46
493;2024-01-21 13:00:00;C;15.63;4;Sevilla;Deporte;62.52
494;2024-01-21 14:00:00;B;137.79;5;Madrid;Hogar;688.9499999999999
495;2024-01-21 15:00:00;D;7.53;2;Valencia;Moda;15.06
496;2024-01-21 16:00:00;B;177.81;3;Madrid;Hogar;533.4300000000001
497;2024-01-21 17:00:00;B;121.35;3;Sevilla;Hogar;364.04999999999995
498;2024-01-21 18:00:00;B;128.01;1;Barcelona;Hogar;128.01
499;2024-01-21 19:00:00;C;8.21;4;Madrid;Deporte;32.84
500;2024-01-21 20:00:00;A;21.34;3;Barcelona;Electrónica;64.02
501;2024-01-21 21:00:00;B;107.6;5;Sevilla;Hogar;538.0
502;2024-01-21 22:00:00;D;79.44;4;Sevilla;Moda;317.76
503;2024-01-21 23:00:00;D;164.57;2;Sevilla;Moda;329.14
504;2024-01-22 00:00:00;D;60.37;5;Sevilla;Moda;301.84999999999997
505;2024-01-22 01:00:00;C;82.93;4;Madrid;Deporte;331.72
506;2024-01-22 02:00:00;A;28.4;3;Valencia;Electrónica;85.19999999999999
507;2024-01-22 03:00:00;C;103.06;4;Madrid;Deporte;412.24
508;2024-01-22 04:00:00;D;191.23;2;Barcelona;Moda;382.46
509;2024-01-22 05:00:00;A;56.85;1;Madrid;Electrónica;56.85
510;2024-01-22 06:00:00;C;159.21;1;Barcelona;Deporte;159.21
511;2024-01-22 07:00:00;C;36.97;1;Madrid;Deporte;36.97
512;2024-01-22 08:00:00;A;177.75;4;Valencia;Electrónica;711.0
513;2024-01-22 09:00:00;B;104.96;1;Valencia;Hogar;104.96
514;2024-01-22 10:00:00;D;29.53;7;Valencia;Moda;206.71
515;2024-01-22 11:00:00;A;157.63;8;Sevilla;Electrónica;1261.04
516;2024-01-22 12:00:00;C;178.08;2;Valencia;Deporte;356.16
517;2024-01-22 13:00:00;A;33.29;4;Madrid;Electrónica;133.16
518;2024-01-22 14:00:00;C;27.9;6;Madrid;Deporte;167.39999999999998
519;2024-01-22 15:00:00;C;54.02;4;Madrid;Deporte;216.08
520;2024-01-22 16:00:00;B;105.41;4;Madrid;Hogar;421.64
521;2024-01-22 17:00:00;C;190.27;2;Valencia;Deporte;380.54
522;2024-01-22 18:00:00;C;172.82;3;Valencia;Deporte;518.46
523;2024-01-22 19:00:00;A;68.3;5;Valencia;Electrónica;341.5
524;2024-01-22 20:00:00;D;12.27;3;Madrid;Moda;36.81
525;2024-01-22 21:00:00;B;121.16;2;Madrid;Hogar;242.32
526;2024-01-22 22:00:00;A;117.08;1;Sevilla;Electrónica;117.08
527;2024-01-22 23:00:00;B;52.1;4;Madrid;Hogar;208.4
528;2024-01-23 00:00:00;D;122.69;3;Madrid;Moda;368.07
529;2024-01-23 01:00:00;A;196.41;5;Madrid;Electrónica;982.05
530;2024-01-23 02:00:00;B;33.16;2;Valencia;Hogar;66.32
531;2024-01-23 03:00:00;C;66.39;1;Barcelona;Deporte;66.39
532;2024-01-23 04:00:00;B;170.35;3;Barcelona;Hogar;511.04999999999995
533;2024-01-23 05:00:00;B;36.04;6;Valencia;Hogar;216.24
534;2024-01-23 06:00:00;B;30.11;2;Barcelona;Hogar;60.22
535;2024-01-23 07:00:00;A;38.54;7;Barcelona;Electrónica;269.78
536;2024-01-23 08:00:00;A;155.09;1;Barcelona;Electrónica;155.09
537;2024-01-23 09:00:00;A;29.85;3;Sevilla;Electrónica;89.55000000000001
538;2024-01-23 10:00:00;C;22.77;0;Sevilla;Deporte;0.0
539;2024-01-23 11:00:00;A;127.26;1;Sevilla;Electrónica;127.26
540;2024-01-23 12:00:00;C;154.53;2;Barcelona;Deporte;309.06
541;2024-01-23 13:00:00;B;152.49;3;Madrid;Hogar;457.47
542;2024-01-23 14:00:00;D;89.46;5;Madrid;Moda;447.29999999999995
543;2024-01-23 15:00:00;D;183.74;2;Sevilla;Moda;367.48
544;2024-01-23 16:00:00;D;34.42;5;Valencia;Moda;172.10000000000002
545;2024-01-23 17:00:00;B;91.1;4;Barcelona;Hogar;364.4
546;2024-01-23 18:00:00;C;77.01;2;Sevilla;Deporte;154.02
547;2024-01-23 19:00:00;C;111.51;2;Barcelona;Deporte;223.02
548;2024-01-23 20:00:00;C;42.69;3;Barcelona;Deporte;128.07
549;2024-01-23 21:00:00;C;33.69;4;Barcelona;Deporte;134.76
550;2024-01-23 22:00:00;A;196.75;3;Sevilla;Electrónica;590.25
551;2024-01-23 23:00:00;D;63.91;3;Sevilla;Moda;191.73
552;2024-01-24 00:00:00;C;102.44;4;Sevilla;Deporte;409.76
553;2024-01-24 01:00:00;A;183.67;3;Madrid;Electrónica;551.01
554;2024-01-24 02:00:00;B;64.02;4;Sevilla;Hogar;256.08
555;2024-01-24 03:00:00;B;76.49;3;Valencia;Hogar;229.46999999999997
556;2024-01-24 04:00:00;C;114.82;1;Valencia;Deporte;114.82
557;2024-01-24 05:00:00;D;18.27;2;Barcelona;Moda;36.54
558;2024-01-24 06:00:00;B;9.56;2;Madrid;Hogar;19.12
559;2024-01-24 07:00:00;A;128.39;3;Barcelona;Electrónica;385.16999999999996
560;2024-01-24 08:00:00;D;77.32;1;Madrid;Moda;77.32
561;2024-01-24 09:00:00;C;20.5;3;Barcelona;Deporte;61.5
562;2024-01-24 10:00:00;B;60.89;3;Barcelona;Hogar;182.67000000000002
563;2024-01-24 11:00:00;C;140.22;0;Madrid;Deporte;0.0
564;2024-01-24 12:00:00;A;153.12;3;Sevilla;Electrónica;459.36
565;2024-01-24 13:00:00;B;103.55;4;Barcelona;Hogar;414.2
566;2024-01-24 14:00:00;D;48.05;5;Valencia;Moda;240.25
567;2024-01-24 15:00:00;C;168.7;0;Madrid;Deporte;0.0
568;2024-01-24 16:00:00;D;45.5;2;Sevilla;Moda;91.0
569;2024-01-24 17:00:00;C;152.6;2;Sevilla;Deporte;305.2
570;2024-01-24 18:00:00;C;34.88;0;Madrid;Deporte;0.0
571;2024-01-24 19:00:00;A;187.3;3;Valencia;Electrónica;561.9000000000001
572;2024-01-24 20:00:00;D;155.81;2;Sevilla;Moda;311.62
573;2024-01-24 21:00:00;A;102.74;4;Sevilla;Electrónica;410.96
574;2024-01-24 22:00:00;A;89.66;1;Sevilla;Electrónica;89.66
575;2024-01-24 23:00:00;D;116.73;6;Barcelona;Moda;700.38
576;2024-01-25 00:00:00;C;133.92;2;Sevilla;Deporte;267.84
577;2024-01-25 01:00:00;C;113.79;5;Sevilla;Deporte;568.95
578;2024-01-25 02:00:00;A;140.68;1;Barcelona;Electrónica;140.68
579;2024-01-25 03:00:00;C;22.1;6;Barcelona;Deporte;132.60000000000002
580;2024-01-25 04:00:00;D;86.35;4;Sevilla;Moda;345.4
581;2024-01-25 05:00:00;A;151.93;2;Valencia;Electrónica;303.86
582;2024-01-25 06:00:00;C;90.48;1;Valencia;Deporte;90.48
583;2024-01-25 07:00:00;A;194.28;7;Valencia;Electrónica;1359.96
584;2024-01-25 08:00:00;B;109.13;5;Madrid;Hogar;545.65
585;2024-01-25 09:00:00;A;65.64;4;Valencia;Electrónica;262.56
586;2024-01-25 10:00:00;A;178.96;1;Sevilla;Electrónica;178.96
587;2024-01-25 11:00:00;A;87.33;1;Valencia;Electrónica;87.33
588;2024-01-25 12:00:00;B;111.51;2;Sevilla;Hogar;223.02
589;2024-01-25 13:00:00;D;130.07;5;Valencia;Moda;650.3499999999999
590;2024-01-25 14:00:00;A;171.92;3;Valencia;Electrónica;515.76
591;2024-01-25 15:00:00;A;45.84;2;Madrid;Electrónica;91.68
592;2024-01-25 16:00:00;B;175.39;5;Sevilla;Hogar;876.9499999999999
593;2024-01-25 17:00:00;B;116.88;3;Barcelona;Hogar;350.64
594;2024-01-25 18:00:00;D;76.46;1;Madrid;Moda;76.46
595;2024-01-25 19:00:00;A;70.37;1;Valencia;Electrónica;70.37
596;2024-01-25 20:00:00;B;196.45;5;Sevilla;Hogar;982.25
597;2024-01-25 21:00:00;A;189.68;1;Sevilla;Electrónica;189.68
598;2024-01-25 22:00:00;C;111.39;2;Barcelona;Deporte;222.78
599;2024-01-25 23:00:00;C;72.54;3;Valencia;Deporte;217.62
600;2024-01-26 00:00:00;C;194.91;10;Madrid;Deporte;1949.1
601;2024-01-26 01:00:00;C;8.19;1;Madrid;Deporte;8.19
602;2024-01-26 02:00:00;A;14.54;3;Barcelona;Electrónica;43.62
603;2024-01-26 03:00:00;C;99.89;4;Valencia;Deporte;399.56
604;2024-01-26 04:00:00;A;119.46;2;Barcelona;Electrónica;238.92
605;2024-01-26 05:00:00;D;6.28;3;Madrid;Moda;18.84
606;2024-01-26 06:00:00;A;41.56;3;Barcelona;Electrónica;124.68
607;2024-01-26 07:00:00;B;21.81;3;Madrid;Hogar;65.42999999999999
608;2024-01-26 08:00:00;C;53.71;4;Valencia;Deporte;214.84
609;2024-01-26 09:00:00;A;40.66;3;Sevilla;Electrónica;121.97999999999999
610;2024-01-26 10:00:00;A;29.24;4;Valencia;Electrónica;116.96
611;2024-01-26 11:00:00;C;30.24;3;Barcelona;Deporte;90.72
612;2024-01-26 12:00:00;D;77.42;2;Barcelona;Moda;154.84
613;2024-01-26 13:00:00;D;30.1;2;Valencia;Moda;60.2
614;2024-01-26 14:00:00;C;155.82;4;Sevilla;Deporte;623.28
615;2024-01-26 15:00:00;A;83.54;1;Madrid;Electrónica;83.54
616;2024-01-26 16:00:00;B;27.78;3;Barcelona;Hogar;83.34
617;2024-01-26 17:00:00;D;132.01;1;Madrid;Moda;132.01
618;2024-01-26 18:00:00;B;158.7;5;Sevilla;Hogar;793.5
619;2024-01-26 19:00:00;C;75.13;0;Barcelona;Deporte;0.0
620;2024-01-26 20:00:00;B;6.2;9;Sevilla;Hogar;55.800000000000004
621;2024-01-26 21:00:00;A;131.78;7;Madrid;Electrónica;922.46
622;2024-01-26 22:00:00;A;152.03;1;Barcelona;Electrónica;152.03
623;2024-01-26 23:00:00;C;178.41;4;Madrid;Deporte;713.64
624;2024-01-27 00:00:00;D;144.06;2;Sevilla;Moda;288.12
625;2024-01-27 01:00:00;A;121.38;3;Valencia;Electrónica;364.14
626;2024-01-27 02:00:00;D;71.9;1;Sevilla;Moda;71.9
627;2024-01-27 03:00:00;D;52.55;4;Madrid;Moda;210.2
628;2024-01-27 04:00:00;A;17.65;1;Madrid;Electrónica;17.65
629;2024-01-27 05:00:00;D;164.76;6;Valencia;Moda;988.56
630;2024-01-27 06:00:00;B;114.26;1;Barcelona;Hogar;114.26
631;2024-01-27 07:00:00;C;61.14;2;Madrid;Deporte;122.28
632;2024-01-27 08:00:00;A;29.31;2;Sevilla;Electrónica;58.62
633;2024-01-27 09:00:00;A;61.23;3;Sevilla;Electrónica;183.69
634;2024-01-27 10:00:00;C;152.77;4;Valencia;Deporte;611.08
635;2024-01-27 11:00:00;B;47.08;3;Barcelona;Hogar;141.24
636;2024-01-27 12:00:00;D;15.16;3;Sevilla;Moda;45.480000000000004
637;2024-01-27 13:00:00;B;79.11;1;Valencia;Hogar;79.11
638;2024-01-27 14:00:00;C;70.48;1;Valencia;Deporte;70.48
639;2024-01-27 15:00:00;C;140.92;4;Madrid;Deporte;563.68
640;2024-01-27 16:00:00;C;113.42;3;Barcelona;Deporte;340.26
641;2024-01-27 17:00:00;A;97.18;1;Sevilla;Electrónica;97.18
642;2024-01-27 18:00:00;C;195.33;5;Sevilla;Deporte;976.6500000000001
643;2024-01-27 19:00:00;C;169.6;3;Valencia;Deporte;508.79999999999995
644;2024-01-27 20:00:00;B;29.99;6;Valencia;Hogar;179.94
645;2024-01-27 21:00:00;A;53.44;5;Madrid;Electrónica;267.2
646;2024-01-27 22:00:00;D;86.78;3;Madrid;Moda;260.34000000000003
647;2024-01-27 23:00:00;C;18.95;7;Barcelona;Deporte;132.65
648;2024-01-28 00:00:00;A;152.84;0;Madrid;Electrónica;0.0
649;2024-01-28 01:00:00;B;154.79;3;Madrid;Hogar;464.37
650;2024-01-28 02:00:00;A;62.02;6;Madrid;Electrónica;372.12
651;2024-01-28 03:00:00;C;181.54;1;Valencia;Deporte;181.54
652;2024-01-28 04:00:00;C;112.73;2;Sevilla;Deporte;225.46
653;2024-01-28 05:00:00;D;48.6;3;Barcelona;Moda;145.8
654;2024-01-28 06:00:00;A;126.19;4;Barcelona;Electrónica;504.76
655;2024-01-28 07:00:00;D;136.15;4;Valencia;Moda;544.6
656;2024-01-28 08:00:00;C;144.92;3;Valencia;Deporte;434.76
657;2024-01-28 09:00:00;A;194.41;2;Barcelona;Electrónica;388.82
658;2024-01-28 10:00:00;A;183.16;2;Sevilla;Electrónica;366.32
659;2024-01-28 11:00:00;A;85.59;2;Valencia;Electrónica;171.18
660;2024-01-28 12:00:00;D;89.21;5;Madrid;Moda;446.04999999999995
661;2024-01-28 13:00:00;A;9.57;5;Madrid;Electrónica;47.85
662;2024-01-28 14:00:00;A;86.41;2;Barcelona;Electrónica;172.82
663;2024-01-28 15:00:00;C;39.54;5;Barcelona;Deporte;197.7
664;2024-01-28 16:00:00;B;28.43;4;Barcelona;Hogar;113.72
665;2024-01-28 17:00:00;D;164.09;6;Barcelona;Moda;984.54
666;2024-01-28 18:00:00;D;9.25;3;Madrid;Moda;27.75
667;2024-01-28 19:00:00;A;30.17;5;Sevilla;Electrónica;150.85000000000002
668;2024-01-28 20:00:00;A;134.55;0;Madrid;Electrónica;0.0
669;2024-01-28 21:00:00;D;115.6;4;Valencia;Moda;462.4
670;2024-01-28 22:00:00;D;88.66;2;Valencia;Moda;177.32
671;2024-01-28 23:00:00;C;162.48;2;Sevilla;Deporte;324.96
672;2024-01-29 00:00:00;B;51.43;5;Valencia;Hogar;257.15
673;2024-01-29 01:00:00;A;45.29;2;Sevilla;Electrónica;90.58
674;2024-01-29 02:00:00;B;105.17;3;Valencia;Hogar;315.51
675;2024-01-29 03:00:00;B;25.8;4;Valencia;Hogar;103.2
676;2024-01-29 04:00:00;B;139.37;2;Valencia;Hogar;278.74
677;2024-01-29 05:00:00;A;187.33;3;Valencia;Electrónica;561.99
678;2024-01-29 06:00:00;B;163.23;2;Valencia;Hogar;326.46
679;2024-01-29 07:00:00;B;176.84;4;Barcelona;Hogar;707.36
680;2024-01-29 08:00:00;C;19.23;3;Barcelona;Deporte;57.69
681;2024-01-29 09:00:00;C;87.69;0;Barcelona;Deporte;0.0
682;2024-01-29 10:00:00;B;181.07;3;Barcelona;Hogar;543.21
683;2024-01-29 11:00:00;C;169.07;5;Madrid;Deporte;845.3499999999999
684;2024-01-29 12:00:00;D;120.79;2;Madrid;Moda;241.58
685;2024-01-29 13:00:00;A;132.61;5;Sevilla;Electrónica;663.0500000000001
686;2024-01-29 14:00:00;B;56.87;5;Madrid;Hogar;284.34999999999997
687;2024-01-29 15:00:00;B;56.72;6;Sevilla;Hogar;340.32
688;2024-01-29 16:00:00;C;18.01;0;Barcelona;Deporte;0.0
689;2024-01-29 17:00:00;A;180.88;5;Sevilla;Electrónica;904.4
690;2024-01-29 18:00:00;B;61.35;5;Valencia;Hogar;306.75
691;2024-01-29 19:00:00;C;198.54;2;Valencia;Deporte;397.08
692;2024-01-29 20:00:00;A;6.33;2;Madrid;Electrónica;12.66
693;2024-01-29 21:00:00;D;160.83;6;Barcelona;Moda;964.98
694;2024-01-29 22:00:00;C;107.53;5;Sevilla;Deporte;537.65
695;2024-01-29 23:00:00;C;13.19;5;Sevilla;Deporte;65.95
696;2024-01-30 00:00:00;C;134.32;4;Sevilla;Deporte;537.28
697;2024-01-30 01:00:00;B;141.98;1;Valencia;Hogar;141.98
698;2024-01-30 02:00:00;D;141.43;3;Madrid;Moda;424.29
699;2024-01-30 03:00:00;B;140.71;0;Valencia;Hogar;0.0
700;2024-01-30 04:00:00;C;137.24;4;Barcelona;Deporte;548.96
701;2024-01-30 05:00:00;D;154.68;3;Valencia;Moda;464.04
702;2024-01-30 06:00:00;A;79.12;2;Barcelona;Electrónica;158.24
703;2024-01-30 07:00:00;A;191.75;1;Valencia;Electrónica;191.75
704;2024-01-30 08:00:00;A;99.14;2;Sevilla;Electrónica;198.28
705;2024-01-30 09:00:00;D;57.22;3;Sevilla;Moda;171.66
706;2024-01-30 10:00:00;A;198.61;3;Sevilla;Electrónica;595.83
707;2024-01-30 11:00:00;C;59.51;2;Sevilla;Deporte;119.02
708;2024-01-30 12:00:00;B;90.95;5;Sevilla;Hogar;454.75
709;2024-01-30 13:00:00;C;141.06;4;Madrid;Deporte;564.24
710;2024-01-30 14:00:00;B;160.64;2;Sevilla;Hogar;321.28
711;2024-01-30 15:00:00;C;66.75;3;Madrid;Deporte;200.25
712;2024-01-30 16:00:00;C;11.88;4;Valencia;Deporte;47.52
713;2024-01-30 17:00:00;C;117.72;5;Valencia;Deporte;588.6
714;2024-01-30 18:00:00;C;120.44;4;Sevilla;Deporte;481.76
715;2024-01-30 19:00:00;D;147.27;1;Madrid;Moda;147.27
716;2024-01-30 20:00:00;A;55.89;2;Madrid;Electrónica;111.78
717;2024-01-30 21:00:00;B;165.04;4;Valencia;Hogar;660.16
718;2024-01-30 22:00:00;A;155.92;3;Sevilla;Electrónica;467.76
719;2024-01-30 23:00:00;B;173.02;5;Madrid;Hogar;865.1
720;2024-01-31 00:00:00;C;152.42;1;Madrid;Deporte;152.42
721;2024-01-31 01:00:00;D;136.26;5;Madrid;Moda;681.3
722;2024-01-31 02:00:00;C;113.05;1;Barcelona;Deporte;113.05
723;2024-01-31 03:00:00;A;172.2;2;Sevilla;Electrónica;344.4
724;2024-01-31 04:00:00;D;49.06;2;Madrid;Moda;98.12
725;2024-01-31 05:00:00;D;134.68;2;Valencia;Moda;269.36
726;2024-01-31 06:00:00;A;159.46;3;Barcelona;Electrónica;478.38
727;2024-01-31 07:00:00;A;156.07;3;Barcelona;Electrónica;468.21
728;2024-01-31 08:00:00;D;30.28;1;Sevilla;Moda;30.28
729;2024-01-31 09:00:00;B;66.2;1;Valencia;Hogar;66.2
730;2024-01-31 10:00:00;D;186.89;2;Valencia;Moda;373.78
731;2024-01-31 11:00:00;B;156.04;0;Barcelona;Hogar;0.0
732;2024-01-31 12:00:00;B;35.16;4;Sevilla;Hogar;140.64
733;2024-01-31 13:00:00;A;99.24;3;Valencia;Electrónica;297.71999999999997
734;2024-01-31 14:00:00;B;163.11;5;Madrid;Hogar;815.5500000000001
735;2024-01-31 15:00:00;A;172.61;0;Sevilla;Electrónica;0.0
736;2024-01-31 16:00:00;D;106.4;2;Sevilla;Moda;212.8
737;2024-01-31 17:00:00;C;24.78;5;Sevilla;Deporte;123.9
738;2024-01-31 18:00:00;A;47.77;5;Valencia;Electrónica;238.85000000000002
739;2024-01-31 19:00:00;C;9.77;2;Valencia;Deporte;19.54
740;2024-01-31 20:00:00;D;37.32;3;Barcelona;Moda;111.96000000000001
741;2024-01-31 21:00:00;C;16.92;4;Sevilla;Deporte;67.68
742;2024-01-31 22:00:00;D;141.5;4;Valencia;Moda;566.0
743;2024-01-31 23:00:00;B;141.69;4;Barcelona;Hogar;566.76
744;2024-02-01 00:00:00;A;91.45;3;Sevilla;Electrónica;274.35
745;2024-02-01 01:00:00;A;176.79;1;Sevilla;Electrónica;176.79
746;2024-02-01 02:00:00;D;33.53;2;Sevilla;Moda;67.06
747;2024-02-01 03:00:00;C;42.83;4;Sevilla;Deporte;171.32
748;2024-02-01 04:00:00;D;124.22;5;Madrid;Moda;621.1
749;2024-02-01 05:00:00;B;107.97;0;Barcelona;Hogar;0.0
750;2024-02-01 06:00:00;D;28.83;1;Barcelona;Moda;28.83
751;2024-02-01 07:00:00;D;181.84;5;Valencia;Moda;909.2
752;2024-02-01 08:00:00;C;126.26;3;Barcelona;Deporte;378.78000000000003
753;2024-02-01 09:00:00;C;123.55;2;Sevilla;Deporte;247.1
754;2024-02-01 10:00:00;A;77.76;4;Madrid;Electrónica;311.04
755;2024-02-01 11:00:00;B;123.21;1;Sevilla;Hogar;123.21
756;2024-02-01 12:00:00;B;18.94;2;Valencia;Hogar;37.88
757;2024-02-01 13:00:00;B;63.74;1;Sevilla;Hogar;63.74
758;2024-02-01 14:00:00;D;128.51;2;Barcelona;Moda;257.02
759;2024-02-01 15:00:00;B;121.75;1;Barcelona;Hogar;121.75
760;2024-02-01 16:00:00;C;107.57;3;Barcelona;Deporte;322.71
761;2024-02-01 17:00:00;C;15.35;4;Valencia;Deporte;61.4
762;2024-02-01 18:00:00;C;67.72;5;Sevilla;Deporte;338.6
763;2024-02-01 19:00:00;A;196.98;0;Sevilla;Electrónica;0.0
764;2024-02-01 20:00:00;B;188.92;4;Valencia;Hogar;755.68
765;2024-02-01 21:00:00;C;164.94;3;Valencia;Deporte;494.82
766;2024-02-01 22:00:00;B;17.43;6;Sevilla;Hogar;104.58
767;2024-02-01 23:00:00;D;19.33;5;Valencia;Moda;96.64999999999999
768;2024-02-02 00:00:00;C;46.47;2;Barcelona;Deporte;92.94
769;2024-02-02 01:00:00;B;166.41;3;Valencia;Hogar;499.23
770;2024-02-02 02:00:00;A;44.77;2;Madrid;Electrónica;89.54
771;2024-02-02 03:00:00;D;48.93;5;Barcelona;Moda;244.65
772;2024-02-02 04:00:00;A;55.78;3;Barcelona;Electrónica;167.34
773;2024-02-02 05:00:00;C;147.98;2;Madrid;Deporte;295.96
774;2024-02-02 06:00:00;D;107.88;2;Madrid;Moda;215.76
775;2024-02-02 07:00:00;C;172.8;2;Madrid;Deporte;345.6
776;2024-02-02 08:00:00;C;19.83;2;Sevilla;Deporte;39.66
777;2024-02-02 09:00:00;C;15.05;4;Barcelona;Deporte;60.2
778;2024-02-02 10:00:00;D;170.02;2;Valencia;Moda;340.04
779;2024-02-02 11:00:00;B;26.25;1;Sevilla;Hogar;26.25
780;2024-02-02 12:00:00;B;144.41;2;Valencia;Hogar;288.82
781;2024-02-02 13:00:00;A;122.89;5;Valencia;Electrónica;614.45
782;2024-02-02 14:00:00;B;45.41;3;Barcelona;Hogar;136.23
783;2024-02-02 15:00:00;A;55.74;2;Barcelona;Electrónica;111.48
784;2024-02-02 16:00:00;B;149.25;2;Valencia;Hogar;298.5
785;2024-02-02 17:00:00;B;9.23;2;Sevilla;Hogar;18.46
786;2024-02-02 18:00:00;D;191.36;3;Madrid;Moda;574.08
787;2024-02-02 19:00:00;B;13.76;3;Madrid;Hogar;41.28
788;2024-02-02 20:00:00;C;36.52;0;Sevilla;Deporte;0.0
789;2024-02-02 21:00:00;D;129.79;4;Sevilla;Moda;519.16
790;2024-02-02 22:00:00;C;27.3;2;Barcelona;Deporte;54.6
791;2024-02-02 23:00:00;D;199.55;3;Barcelona;Moda;598.6500000000001
792;2024-02-03 00:00:00;C;89.43;3;Barcelona;Deporte;268.29
793;2024-02-03 01:00:00;B;18.45;3;Sevilla;Hogar;55.349999999999994
794;2024-02-03 02:00:00;B;37.18;0;Madrid;Hogar;0.0
795;2024-02-03 03:00:00;A;110.74;4;Madrid;Electrónica;442.96
796;2024-02-03 04:00:00;D;174.71;7;Sevilla;Moda;1222.97
797;2024-02-03 05:00:00;C;55.12;4;Sevilla;Deporte;220.48
798;2024-02-03 06:00:00;A;82.88;1;Barcelona;Electrónica;82.88
799;2024-02-03 07:00:00;C;115.95;2;Sevilla;Deporte;231.9
800;2024-02-03 08:00:00;A;131.88;1;Barcelona;Electrónica;131.88
801;2024-02-03 09:00:00;A;146.04;1;Sevilla;Electrónica;146.04
802;2024-02-03 10:00:00;D;68.33;2;Madrid;Moda;136.66
803;2024-02-03 11:00:00;A;77.27;2;Valencia;Electrónica;154.54
804;2024-02-03 12:00:00;B;175.35;3;Valencia;Hogar;526.05
805;2024-02-03 13:00:00;A;181.69;2;Valencia;Electrónica;363.38
806;2024-02-03 14:00:00;A;86.39;0;Valencia;Electrónica;0.0
807;2024-02-03 15:00:00;B;199.33;1;Barcelona;Hogar;199.33
808;2024-02-03 16:00:00;A;39.16;2;Madrid;Electrónica;78.32
809;2024-02-03 17:00:00;A;165.54;5;Barcelona;Electrónica;827.6999999999999
810;2024-02-03 18:00:00;D;182.24;1;Sevilla;Moda;182.24
811;2024-02-03 19:00:00;C;115.11;3;Valencia;Deporte;345.33
812;2024-02-03 20:00:00;A;139.92;3;Sevilla;Electrónica;419.76
813;2024-02-03 21:00:00;C;16.72;3;Sevilla;Deporte;50.16
814;2024-02-03 22:00:00;D;169.31;2;Madrid;Moda;338.62
815;2024-02-03 23:00:00;D;138.22;3;Valencia;Moda;414.65999999999997
816;2024-02-04 00:00:00;B;117.79;2;Valencia;Hogar;235.58
817;2024-02-04 01:00:00;A;118.34;3;Sevilla;Electrónica;355.02
818;2024-02-04 02:00:00;D;36.19;2;Valencia;Moda;72.38
819;2024-02-04 03:00:00;C;170.22;0;Sevilla;Deporte;0.0
820;2024-02-04 04:00:00;A;108.18;1;Madrid;Electrónica;108.18
821;2024-02-04 05:00:00;D;123.54;5;Barcelona;Moda;617.7
822;2024-02-04 06:00:00;C;38.17;3;Madrid;Deporte;114.51
823;2024-02-04 07:00:00;D;127.48;5;Madrid;Moda;637.4
824;2024-02-04 08:00:00;C;51.48;2;Valencia;Deporte;102.96
825;2024-02-04 09:00:00;A;153.66;5;Madrid;Electrónica;768.3
826;2024-02-04 10:00:00;D;10.39;3;Valencia;Moda;31.17
827;2024-02-04 11:00:00;A;29.26;1;Sevilla;Electrónica;29.26
828;2024-02-04 12:00:00;C;46.17;3;Barcelona;Deporte;138.51
829;2024-02-04 13:00:00;C;83.18;2;Valencia;Deporte;166.36
830;2024-02-04 14:00:00;C;174.78;0;Barcelona;Deporte;0.0
831;2024-02-04 15:00:00;D;6.33;2;Valencia;Moda;12.66
832;2024-02-04 16:00:00;B;113.41;0;Madrid;Hogar;0.0
833;2024-02-04 17:00:00;C;12.02;1;Sevilla;Deporte;12.02
834;2024-02-04 18:00:00;D;79.03;6;Sevilla;Moda;474.18
835;2024-02-04 19:00:00;C;63.14;4;Valencia;Deporte;252.56
836;2024-02-04 20:00:00;D;37.01;0;Barcelona;Moda;0.0
837;2024-02-04 21:00:00;B;98.47;1;Madrid;Hogar;98.47
838;2024-02-04 22:00:00;D;71.66;2;Sevilla;Moda;143.32
839;2024-02-04 23:00:00;C;56.06;4;Madrid;Deporte;224.24
840;2024-02-05 00:00:00;B;124.28;6;Madrid;Hogar;745.6800000000001
841;2024-02-05 01:00:00;A;52.65;1;Valencia;Electrónica;52.65
842;2024-02-05 02:00:00;A;194.54;3;Barcelona;Electrónica;583.62
843;2024-02-05 03:00:00;C;53.65;3;Barcelona;Deporte;160.95
844;2024-02-05 04:00:00;B;197.77;2;Madrid;Hogar;395.54
845;2024-02-05 05:00:00;B;36.47;4;Valencia;Hogar;145.88
846;2024-02-05 06:00:00;B;190.23;5;Barcelona;Hogar;951.15
847;2024-02-05 07:00:00;A;17.23;1;Valencia;Electrónica;17.23
848;2024-02-05 08:00:00;B;6.45;1;Madrid;Hogar;6.45
849;2024-02-05 09:00:00;C;24.01;3;Sevilla;Deporte;72.03
850;2024-02-05 10:00:00;B;142.9;4;Sevilla;Hogar;571.6
851;2024-02-05 11:00:00;B;50.37;3;Madrid;Hogar;151.10999999999999
852;2024-02-05 12:00:00;D;58.75;9;Madrid;Moda;528.75
853;2024-02-05 13:00:00;C;136.3;2;Barcelona;Deporte;272.6
854;2024-02-05 14:00:00;B;10.75;4;Madrid;Hogar;43.0
855;2024-02-05 15:00:00;C;110.35;0;Sevilla;Deporte;0.0
856;2024-02-05 16:00:00;A;83.07;2;Madrid;Electrónica;166.14
857;2024-02-05 17:00:00;C;36.46;3;Barcelona;Deporte;109.38
858;2024-02-05 18:00:00;B;182.79;2;Madrid;Hogar;365.58
859;2024-02-05 19:00:00;C;75.27;3;Sevilla;Deporte;225.81
860;2024-02-05 20:00:00;D;61.81;5;Sevilla;Moda;309.05
861;2024-02-05 21:00:00;B;140.43;3;Sevilla;Hogar;421.29
862;2024-02-05 22:00:00;C;171.82;6;Valencia;Deporte;1030.92
863;2024-02-05 23:00:00;A;49.47;0;Sevilla;Electrónica;0.0
864;2024-02-06 00:00:00;D;29.8;4;Madrid;Moda;119.2
865;2024-02-06 01:00:00;C;192.21;3;Valencia;Deporte;576.63
866;2024-02-06 02:00:00;B;88.35;6;Valencia;Hogar;530.0999999999999
867;2024-02-06 03:00:00;B;109.32;4;Madrid;Hogar;437.28
868;2024-02-06 04:00:00;B;94.1;3;Madrid;Hogar;282.29999999999995
869;2024-02-06 05:00:00;A;166.45;2;Valencia;Electrónica;332.9
870;2024-02-06 06:00:00;A;88.64;1;Madrid;Electrónica;88.64
871;2024-02-06 07:00:00;D;152.63;3;Madrid;Moda;457.89
872;2024-02-06 08:00:00;D;106.94;6;Sevilla;Moda;641.64
873;2024-02-06 09:00:00;A;20.54;2;Sevilla;Electrónica;41.08
874;2024-02-06 10:00:00;B;104.32;2;Sevilla;Hogar;208.64
875;2024-02-06 11:00:00;A;171.84;3;Barcelona;Electrónica;515.52
876;2024-02-06 12:00:00;A;108.57;2;Sevilla;Electrónica;217.14
877;2024-02-06 13:00:00;A;81.59;2;Sevilla;Electrónica;163.18
878;2024-02-06 14:00:00;B;10.0;1;Valencia;Hogar;10.0
879;2024-02-06 15:00:00;C;141.75;0;Madrid;Deporte;0.0
880;2024-02-06 16:00:00;D;81.56;4;Barcelona;Moda;326.24
881;2024-02-06 17:00:00;B;68.05;2;Barcelona;Hogar;136.1
882;2024-02-06 18:00:00;C;77.11;3;Madrid;Deporte;231.32999999999998
883;2024-02-06 19:00:00;B;86.45;2;Valencia;Hogar;172.9
884;2024-02-06 20:00:00;C;70.47;4;Barcelona;Deporte;281.88
885;2024-02-06 21:00:00;C;61.88;5;Madrid;Deporte;309.40000000000003
886;2024-02-06 22:00:00;D;94.8;3;Valencia;Moda;284.4
887;2024-02-06 23:00:00;B;14.09;2;Barcelona;Hogar;28.18
888;2024-02-07 00:00:00;D;49.02;5;Sevilla;Moda;245.10000000000002
889;2024-02-07 01:00:00;D;90.44;4;Madrid;Moda;361.76
890;2024-02-07 02:00:00;A;177.53;3;Barcelona;Electrónica;532.59
891;2024-02-07 03:00:00;C;88.49;6;Barcelona;Deporte;530.9399999999999
892;2024-02-07 04:00:00;A;113.4;2;Valencia;Electrónica;226.8
893;2024-02-07 05:00:00;D;179.25;3;Barcelona;Moda;537.75
894;2024-02-07 06:00:00;D;162.14;3;Sevilla;Moda;486.41999999999996
895;2024-02-07 07:00:00;D;143.9;2;Madrid;Moda;287.8
896;2024-02-07 08:00:00;A;125.79;2;Barcelona;Electrónica;251.58
897;2024-02-07 09:00:00;D;121.2;0;Sevilla;Moda;0.0
898;2024-02-07 10:00:00;D;42.15;5;Madrid;Moda;210.75
899;2024-02-07 11:00:00;D;31.35;2;Barcelona;Moda;62.7
900;2024-02-07 12:00:00;D;15.86;4;Valencia;Moda;63.44
901;2024-02-07 13:00:00;A;23.29;8;Sevilla;Electrónica;186.32
902;2024-02-07 14:00:00;A;124.92;6;Valencia;Electrónica;749.52
903;2024-02-07 15:00:00;C;123.65;2;Barcelona;Deporte;247.3
904;2024-02-07 16:00:00;D;12.27;0;Valencia;Moda;0.0
905;2024-02-07 17:00:00;B;168.47;4;Sevilla;Hogar;673.88
906;2024-02-07 18:00:00;A;91.1;2;Barcelona;Electrónica;182.2
907;2024-02-07 19:00:00;A;110.0;4;Madrid;Electrónica;440.0
908;2024-02-07 20:00:00;C;19.34;5;Barcelona;Deporte;96.7
909;2024-02-07 21:00:00;D;172.4;5;Barcelona;Moda;862.0
910;2024-02-07 22:00:00;A;20.61;3;Barcelona;Electrónica;61.83
911;2024-02-07 23:00:00;C;46.15;2;Sevilla;Deporte;92.3
912;2024-02-08 00:00:00;B;95.71;3;Barcelona;Hogar;287.13
913;2024-02-08 01:00:00;B;102.04;1;Madrid;Hogar;102.04
914;2024-02-08 02:00:00;B;108.98;0;Madrid;Hogar;0.0
915;2024-02-08 03:00:00;D;187.53;2;Sevilla;Moda;375.06
916;2024-02-08 04:00:00;A;11.82;5;Valencia;Electrónica;59.1
917;2024-02-08 05:00:00;A;136.86;4;Valencia;Electrónica;547.44
918;2024-02-08 06:00:00;B;88.81;3;Madrid;Hogar;266.43
919;2024-02-08 07:00:00;D;163.39;4;Sevilla;Moda;653.56
920;2024-02-08 08:00:00;D;135.16;1;Valencia;Moda;135.16
921;2024-02-08 09:00:00;D;163.46;5;Valencia;Moda;817.3000000000001
922;2024-02-08 10:00:00;C;173.39;3;Madrid;Deporte;520.17
923;2024-02-08 11:00:00;B;157.18;5;Barcelona;Hogar;785.9000000000001
924;2024-02-08 12:00:00;D;30.79;1;Barcelona;Moda;30.79
925;2024-02-08 13:00:00;A;109.76;5;Valencia;Electrónica;548.8000000000001
926;2024-02-08 14:00:00;B;155.79;5;Barcelona;Hogar;778.9499999999999
927;2024-02-08 15:00:00;C;156.01;4;Barcelona;Deporte;624.04
928;2024-02-08 16:00:00;D;185.78;5;Valencia;Moda;928.9
929;2024-02-08 17:00:00;A;86.1;0;Valencia;Electrónica;0.0
930;2024-02-08 18:00:00;A;6.75;4;Madrid;Electrónica;27.0
931;2024-02-08 19:00:00;C;146.81;7;Madrid;Deporte;1027.67
932;2024-02-08 20:00:00;D;59.24;2;Madrid;Moda;118.48
933;2024-02-08 21:00:00;A;132.84;3;Sevilla;Electrónica;398.52
934;2024-02-08 22:00:00;B;14.55;2;Madrid;Hogar;29.1
935;2024-02-08 23:00:00;B;74.3;2;Barcelona;Hogar;148.6
936;2024-02-09 00:00:00;B;128.47;2;Barcelona;Hogar;256.94
937;2024-02-09 01:00:00;D;29.58;6;Madrid;Moda;177.48
938;2024-02-09 02:00:00;B;66.84;3;Barcelona;Hogar;200.52
939;2024-02-09 03:00:00;A;33.28;3;Madrid;Electrónica;99.84
940;2024-02-09 04:00:00;B;178.76;3;Valencia;Hogar;536.28
941;2024-02-09 05:00:00;B;155.99;1;Sevilla;Hogar;155.99
942;2024-02-09 06:00:00;C;129.51;1;Madrid;Deporte;129.51
943;2024-02-09 07:00:00;D;106.39;3;Madrid;Moda;319.17
944;2024-02-09 08:00:00;D;195.63;3;Valencia;Moda;586.89
945;2024-02-09 09:00:00;D;55.42;3;Valencia;Moda;166.26
946;2024-02-09 10:00:00;C;142.58;3;Sevilla;Deporte;427.74
947;2024-02-09 11:00:00;D;21.82;1;Sevilla;Moda;21.82
948;2024-02-09 12:00:00;C;126.22;1;Barcelona;Deporte;126.22
949;2024-02-09 13:00:00;A;43.09;2;Madrid;Electrónica;86.18
950;2024-02-09 14:00:00;A;6.84;3;Sevilla;Electrónica;20.52
951;2024-02-09 15:00:00;A;182.3;2;Barcelona;Electrónica;364.6
952;2024-02-09 16:00:00;C;59.47;6;Valencia;Deporte;356.82
953;2024-02-09 17:00:00;D;198.11;1;Valencia;Moda;198.11
954;2024-02-09 18:00:00;A;137.56;1;Sevilla;Electrónica;137.56
955;2024-02-09 19:00:00;B;135.82;7;Sevilla;Hogar;950.74
956;2024-02-09 20:00:00;D;136.32;2;Valencia;Moda;272.64
957;2024-02-09 21:00:00;D;198.51;1;Madrid;Moda;198.51
958;2024-02-09 22:00:00;C;48.82;4;Sevilla;Deporte;195.28
959;2024-02-09 23:00:00;A;197.59;3;Valencia;Electrónica;592.77
960;2024-02-10 00:00:00;B;67.72;5;Sevilla;Hogar;338.6
961;2024-02-10 01:00:00;D;23.38;3;Barcelona;Moda;70.14
962;2024-02-10 02:00:00;A;184.84;3;Sevilla;Electrónica;554.52
963;2024-02-10 03:00:00;C;23.97;0;Barcelona;Deporte;0.0
964;2024-02-10 04:00:00;B;97.68;4;Madrid;Hogar;390.72
965;2024-02-10 05:00:00;B;167.64;4;Barcelona;Hogar;670.56
966;2024-02-10 06:00:00;A;58.94;3;Barcelona;Electrónica;176.82
967;2024-02-10 07:00:00;C;145.45;3;Sevilla;Deporte;436.34999999999997
968;2024-02-10 08:00:00;D;130.17;3;Barcelona;Moda;390.51
969;2024-02-10 09:00:00;B;139.76;4;Sevilla;Hogar;559.04
970;2024-02-10 10:00:00;C;34.39;3;Valencia;Deporte;103.17
971;2024-02-10 11:00:00;A;142.08;2;Valencia;Electrónica;284.16
972;2024-02-10 12:00:00;D;168.74;1;Valencia;Moda;168.74
973;2024-02-10 13:00:00;D;32.56;2;Sevilla;Moda;65.12
974;2024-02-10 14:00:00;D;192.33;2;Sevilla;Moda;384.66
975;2024-02-10 15:00:00;A;190.6;0;Sevilla;Electrónica;0.0
976;2024-02-10 16:00:00;A;67.18;3;Madrid;Electrónica;201.54000000000002
977;2024-02-10 17:00:00;D;191.29;1;Valencia;Moda;191.29
978;2024-02-10 18:00:00;A;188.0;1;Barcelona;Electrónica;188.0
979;2024-02-10 19:00:00;B;27.73;4;Valencia;Hogar;110.92
980;2024-02-10 20:00:00;A;150.09;2;Madrid;Electrónica;300.18
981;2024-02-10 21:00:00;C;192.68;1;Valencia;Deporte;192.68
982;2024-02-10 22:00:00;C;165.6;3;Sevilla;Deporte;496.79999999999995
983;2024-02-10 23:00:00;D;30.88;4;Barcelona;Moda;123.52
984;2024-02-11 00:00:00;B;84.54;2;Barcelona;Hogar;169.08
985;2024-02-11 01:00:00;A;114.98;5;Madrid;Electrónica;574.9
986;2024-02-11 02:00:00;B;77.42;4;Sevilla;Hogar;309.68
987;2024-02-11 03:00:00;D;80.23;1;Barcelona;Moda;80.23
988;2024-02-11 04:00:00;A;23.8;3;Valencia;Electrónica;71.4
989;2024-02-11 05:00:00;C;6.39;2;Valencia;Deporte;12.78
990;2024-02-11 06:00:00;B;64.7;0;Barcelona;Hogar;0.0
991;2024-02-11 07:00:00;A;87.58;2;Valencia;Electrónica;175.16
992;2024-02-11 08:00:00;B;117.87;0;Madrid;Hogar;0.0
993;2024-02-11 09:00:00;B;191.29;4;Sevilla;Hogar;765.16
994;2024-02-11 10:00:00;D;22.45;3;Valencia;Moda;67.35
995;2024-02-11 11:00:00;D;72.69;7;Valencia;Moda;508.83
996;2024-02-11 12:00:00;D;174.67;8;Barcelona;Moda;1397.36
997;2024-02-11 13:00:00;D;166.01;2;Valencia;Moda;332.02
998;2024-02-11 14:00:00;A;26.83;3;Valencia;Electrónica;80.49
999;2024-02-11 15:00:00;B;136.78;4;Barcelona;Hogar;547.12
